0,Aksara Sunda
0,Aksara Suwawa
0,aksara Dewanagari
0,aksara Sasak
0,aksara Lampung
0,Aksara Sunda Baku
0,Aksara Batak Toba
1,Polopalo
1,Gambusi
1,Gamelan Banjar
1,Dambus
1,Suling
1,Gendang Melayu
1,Rebana
1,Rudat
1,Sekapur Sirih
1,gamelan gong gede
1,gamelan Semar Pegulingan
1,Gamelan Gong Kebyar
1,Tifa
1,Jekir
1,Tifa Dasar
1,Tifa Potong
1,Tifa Jekir Potong
1,gamelan tabuan kenek
1,Produk Budaya
1,Pengiringnya
1,gong
1,Calung
1,gamelan Jawa
1,Gamelan Banyuwangi
2,Bahasa Jawa dialek Pekalongan
2,Bahasa Jawa dialek Kedu
2,Bahasa Jawa dialek Bagelen
2,Bahasa Jawa dialek Semarangan
2,Bahasa Jawa dialek Muria
2,Bahasa Jawa dialek Blora
2,Bahasa Jawa dialek Surakarta
2,Bahasa Jawa dialek Banyumasan
2,Bahasa Jawa dialek Tegal
2,Bahasa Sunda dialek Timur-Laut
2,Bahasa Sunda dialek Tenggara
2,Bahasa Misah lulus ujian nyaneh kudu
2,Bahasa Iraha nyaneh mangkat  kapan kamu pergi
2,Bahasa Naha nyaneh telat  mengapa ia terlambat
2,Bahasa Melayu Riau
2,Bahasa Wemale
2,Bahasa Alune
2,Bahasa Nuaulu
2,Bahasa Atiahu
2,Bahasa Koa
2,Bahasa Seti
2,Bahasa Gorom
2,Bahasa Tarangan
2,Bahasa Makassar
2,Bahasa Bugis
2,Bahasa Pettae
2,Bahasa Toraja
2,Bahasa Mandar
2,Bahasa Massenrempulu
2,Bahasa Konjo
2,Bahasa Konjo terbagi menjadi dua
2,Bahasa Selayar
2,Bahasa Gayo
2,Bahasa Alas
2,Bahasa Aneuk Jamee
2,Bahasa Singkil
2,Bahasa Pakpak
2,Bahasa Kluet
2,Bahasa Melayu Tamiang
2,Bahasa Haloban
2,Bahasa bahasa
2,Bahasa Bali
2,bahasa Sunda Kuno
2,bahasa Sunda
2,bahasa Sunda Campuran Sunda Kuno
2,bahasa Jawa Banten
2,bahasa Jawa
2,Bahasa Gorontalo
2,Bahasa Suwawa
2,Bahasa Bonda
2,Bahasa Atinggola
2,Bahasa Melayu Manado
2,Bahasa Sansekerta
2,bahasa Cirebon
2,Bahasa Banyumasan dialek Brebes
2,bahasa Cirebon dialek Indramayu
2,bahasa Cirebon dialek dermayon
2,bahasa Melayu dialek Betawi
2,Bahasa Mangl
2,Bahasa Jawa Dialek Solo
2,Bahasa Jawa Standar
2,Bahasa Sunda dialek Timur
2,Bahasa Jawa Baku dialek Surakarta
2,Bahasa Jawa Baku
2,Bahasa Kongres
2,Bahasa April
2,Bahasa Tegal tanggal
2,bahasa tegal
2,Bahasa Tegalan
2,Bahasa Sunda Baku
2,Bahasa Timur
2,Bahasa Laut
2,Bahasa Indonesia
2,Bahasa Jawa Timuran
2,Bahasa Jawa dialek Surabaya
2,bahasa Jawa dialek Mataraman
2,bahasa dialek Malang
2,bahasa arek Surabaya
2,bahasa walikan Malangan
2,Bahasa Madura
2,bahasa Tengger
2,Bahasa Jawa Kuno
2,Bahasa Jawa Tengahan
2,Bahasa Tiochiu
2,bahasa Barito Timur
2,bahasa Dayak Maanyan Warukin
2,bahasa Dayak Dusun Halong
2,bahasa Dayak Samihin
2,bahasa Dayak Deah
2,bahasa Dayak Lawangan
2,bahasa Dayak Abal
2,bahasa Barito Barat
2,bahasa Dayak Bakumpai
2,bahasa Dayak Barangas
2,bahasa Dayak Ngaju
2,bahasa Dayak
2,bahasa Banjar
2,Bahasa Ngaju
2,Bahasa Bakumpai
2,Bahasa Maanyan
2,Bahasa pengantar masyarakat Kalimantan Timur
2,bahasa Melayu
2,bahasa Minang
2,bahasa Lampung
2,Bahasa Melayu Ternate
2,Bahasa Kawi
2,Bahasa Sasak
2,bahasa Tidore
2,bahasa Biak Numfor  Iri
2,bahasa Serui
2,bahasa Merauke
2,Bahasa Hokkien
2,Bahasa Sidrap
2,bahasa suku Mandar
2,bahasa Tae
2,Bahasa Konjo pesisir
2,Bahasa Konjo Pegunungan
2,Bahasa Minangkabau
2,Bahasa Batak dialek Mandailing
2,Bahasa Mentawai
2,bahasa Belanda
2,Bahasa Melayu dialek
2,Bahasa Hokkian
2,Bahasa Batak
2,Bahasa Nias
2,Bahasa Pesisir
2,Bahasa Jawa Cirebon dialek Dermayu
2,Bahasa Jawa Tegal
2,Bahasa Sunda Brebes
2,Bahasa Jawa Cirebon
2,Bahasa Netral
2,Bahasa mengganti Ejaan van Ophuysen
2,Bahasa mendirikan Institut Bahasa
2,Bahasa menjadikan bahasa
2,Bahasa Nadai
2,Bahasa kikai
2,Bahasa ngai
2,Bahasa Pulai
2,Bahasa Makai
2,Bahasa Bejalai
2,Bahasa Akay Day
2,Bahasa Akay Nay
2,Bahasa Paser
2,Bahasa Kutai
2,Bahasa Bimbingan Belajar Primagama
2,Bahasa Bimbingan Belajar Nurul Fikri
2,Bahasa Bimbingan Belajar Ganesha Operation
2,Bahasa Bimbingan Belajar Hafara
2,Bahasa Daerah Terpenting
2,bahasa Aceh
2,Bahasa Afdeeling
2,Bahasa Bunsyu
2,Bahasa Bunsyucho
2,Bahasa Onderafdeeling
2,Bahasa Gun
2,Bahasa Minangkabau dialek Aceh
2,Bahasa gayo bahasa aceh
2,Bahasa Devayan
2,bahasa Jamu
2,bahasa Simeulue
2,Bahasa Penggunaan
2,Bahasa Jawa Serang
2,bahasa Melayu Tengah
2,bahasa Rejang
2,Bahasa Kerinci
2,Bahasa Sunda mayoritas
2,Bahasa Cilebut
2,Bahasa Sunda Cirebon
2,Bahasa Jawa dialek Indramayudermayon
2,Bahasa pantura
2,Bahasa dermayon
2,bahasa Sunda dialek priyangan
2,Bahasa caravan
2,Bahasa karawaan
2,Bahasa Rawa
2,Bahasa Betawi
2,Bahasa Sunda Kasar
2,Bahasa Cilamaya
2,bahasa Sunda dialek Kuningan
2,bahasa Sunda dialek Tengah Timur
2,Bahasa Ligung
2,Bahasa Sumberjaya
2,Bahasa Bekasi
2,bahasa aksara sunda kuna
2,bahasa Sunda Depok
2,bahasa ngapak
2,bahasa Jawa banyumasan
2,Bahasa Madya
2,bahasa Jawa Blora
2,Bahasa Jawa perkataan Brebes
2,Bahasa Jawa Brebes
2,Bahasa Dayeuhluhur
2,Bahasa Wanareja
2,Bahasa Kedungreja
2,Bahasa Patimuan
2,Bahasa Majenang
2,Bahasa Cimanggu
2,Bahasa Kedu
2,Bahasa Petarukan
2,Bahasa Comal
2,Bahasa Ampelgading
2,bahasa Jawa dialek
2,Bahasa Jawa varian Surakarta
2,bahasa Banyumas
2,Bahasa Osing
2,bahasa Sanskerta
2,bahasa Jawa Madiun
2,Bahasa daerah Jawa
2,bahasa Jawa Ngoko
2,bahasa Madura Pesisiran
2,bahasa Madura berati mengaduk
2,bahasa Makasar
2,bahasa Madura dialek Kangean
2,bahasa Jawa mayoritas masyarakat Kediri
2,bahasa Jawa berarti Malang
2,bahasa Surabaya
2,bahasa Khek
2,bahasa Dayak Kanayatn
2,bahasa Dayak Senganan
2,bahasa Melayunya Sekadau
2,Bahasa Hakka
2,bahasa Bukit
2,Bahasa Semboyan
2,bahasa Suku Paser
2,bahasa Tidung
2,bahasa tidung  Tarak
2,Bahasa Palava
2,bahasa Perancis
2,Bahasa Pergeseran
2,Bahasa Amahusu
2,bahasa Dompu
2,Bahasa Samawa
2,bahasa Bima
2,Bahasa Sumba Kambera
2,bahasa Timor
2,bahasa Biak Numfor
2,bahasa Moi
2,bahasa bagian selatan Irian Jaya
2,bahasa Irian
2,bahasa Dani
2,Bahasa Arti
2,bahasa Duri
2,Bahasa Enrekang
2,Bahasa Maiwa
2,Bahasa Saluan
2,bahasa Suku Wana
2,bahasa Kaili
2,bahasa kaili VOLO
2,Bahasa Moronene
2,bahasa Kaidipang
2,Bahasa Mongondow
2,bahasa Manado
2,Bahasa Sangihe
2,bahasa daerah Minahasa
2,bahasa Tombulu
2,bahasa Minahasa
2,Bahasa Tountemboan
2,Bahasa Toulour
2,bahasa Ibrani
2,bahasa Mandailing
2,Bahasa Sugihan
2,Bahasa Musi
2,Bahasa Pasemah
2,bahasa Komering
2,bahasa Palembang
2,bahasa daerah Nias
2,bahasa Simalungun
2,bahasa Batak Angkola
2,bahasa Karo
2,Bahasa Minangkabau logat Pesisir
2,Bahasa Geblek
2,Bahasa progo
2,Bahasa Renteng
3,Benteng Marlborough
3,Benteng bermakna masyarakat Gorontalo teguh
3,kukuh mempertahankan Harga diri
3,Benteng bermakna masyarakat Gorontalo teguh dan kukuh mempertahankan Harga diri
3,Benteng Oranye Kwandang
3,Benteng Amsterdam
3,Benteng Victoria
3,Benteng Belgica
3,Benteng Titaley
3,Benteng Keraton Buton
3,Benteng Kerajaan Kabaena
3,Benteng York
3,Benteng Otanaha
3,Benteng VOC
3,Benteng Van der Wijk
3,benteng Belanda
3,Benteng Radin Imba Kusuma
3,Benteng Tujuh Lapis
3,Benteng Kuta Reh
3,Benteng Kuta Asan
3,Benteng Pendhem
3,Benteng Pendem Purworejo
3,Benteng Williem II
3,Benteng sisa peninggalan Mataram Kuno
3,Benteng ERFPRINS
3,Benteng Tjakraningrat IV Tanjoeng Piring
3,Benteng Lodewijk Mengare
3,Benteng Pertahanan Belanda
3,Benteng Bukit Cening
3,Benteng Tanjung Cengkeh
3,Benteng Kuala Daik
3,Benteng Mepar Berbentuk segi Empat
3,Benteng Kubu Parit
3,Benteng Bernaveld Amasing
3,Benteng Tolukko
3,Benteng Oranje
3,Benteng Kalamata
3,Benteng Kota Naka
3,Benteng Gam Lamo
3,Benteng Santo Pedro
3,Benteng Talagame
3,Benteng Willyam Star
3,Benteng Fort Concordia
3,Benteng tujuh lapis Dalu-dalu
3,Benteng Somba Opu
3,Benteng Pertahanan PongTiku
3,Benteng Fort Rotterdam
3,Benteng Panyua
3,Dinding benteng ini kukuh menjulang setinggi  meter
3,Benteng
3,Benteng Keraton Buton dan Masjid Agung Keraton
3,Benteng Resort
3,Benteng Kuto Besak
3,Benteng Makassar
3,Benteng Anna
3,benteng bukit danaraja
3,pencu
3,Ngandagan
3,Benteng Vastenburg peninggalan Belanda
3,Benteng van Den Bosch
3,Benteng Pancasila
3,Benteng Lama
3,Benteng Tundakan
3,Benteng Tabanio
3,Benteng Haji
3,Benteng Tatas
3,Benteng Nossa Senhora da Anunciada
3,Benteng Kota Laha
3,Gubernur
3,Benteng Fort Henricus
3,Ibu
3,Benteng Balangnipa
3,Benteng Sanrobone
3,Benteng Tosora
3,Benteng Ujung Pandang sekarang
3,benteng Ujung Pandang
3,benteng kerajaan Gowa
3,Benteng Panynyua
3,benteng bekas peninggalan Kesultanan Buton
3,benteng peninggalan kesultanan Buton
3,Benteng Kota Bombonawulu
3,Benteng Wasilomata
3,Benteng Gumanano
3,Kulisusu
3,Kalingsusu
3,benteng pertahanan Barata Patapalena
3,Benteng Tindoi
3,Benteng Liya
3,Benteng Mandati Tonga
3,Benteng Togo Molengo
3,BENTENG OLLO
3,BENTENG LA DONDA Benteng La Donda
3,Benteng Patua
3,Benteng Suo
3,Benteng Palahidu
3,Benteng Wali
3,benteng Fort de Kock
4,Candi Jiwa
4,Candi Blandongan
4,Candi Bumi Ayu
4,Candi Prambanan
4,Candi Kalasan Peninggalan Budha tertua
4,Candi Ijo
4,Candi Abang
4,Candi Gampingan
4,Candi Sari
4,Candi Kedulan
4,Candi Sambisari
4,Candi Sorogedug
4,Candi Kimpulan
4,Candi Gembirowati
4,Candi Klodangan
4,Candi Banyunibo
4,Candi Morangan
4,Candi Risan
4,Candi Palgading
4,Candi Watu Gudhig
4,Candi Dawangsari
4,Candi Miri
4,Candi Keblak
4,Candi Gebang
4,Candi Barong
4,Candi Pringtali
4,Candi Plembutan
4,Candi Muaro Jambi
4,Candi Angin
4,Candi Borobudur
4,Candi Mendut
4,Candi Pawon
4,Prambanan
4,candi peninggalan Majapahit
4,Trowulan
4,Candi Penataran
4,Candi Agung
4,Candi Muara Takus
4,Candi Tua
4,Candi Bungsu
4,Candi warna Putih
4,Candi Cangkuang
4,Candi Bubrah
4,Candi Sewu
4,Candi Plaosan
4,Candi Merak
4,Candi Ngempon
4,Candi Klero
4,Candi Dukuh
4,Candi Pringsewu
4,Candi Tugu
4,Candi Sawentar
4,Candi Plumbangan
4,Candi Simping
4,Candi Tegowangi
4,Candi Surowono
4,Candi Slumpang Laren
4,Candi Sadon
4,Candi Simbatan
4,Candi Kidal
4,Candi Singhasari
4,Candi Jago
4,Candi Singosari
4,Candi Singosari dan arca Dwarapala
4,Candi Ngetos
4,Candi Lor
4,Candi Burung
4,Candi Dermo
4,Candi Mendalem
4,Candi Pari
4,Candi Sumur
4,Candi Tawangalun
4,Candi Setono Gedong
4,Candi Laras Utara
4,Candi Laras Selatan
4,Candi Sipamutung
4,Candi Tandihat
4,Candi Sangkilon
4,Candi Ratu Boko
4,Cepogo
4,Selo
4,Borobudur
4,SSB
4,Namanya
4,Candi Lawang
4,Candi Kunthi
4,Candi Umbul
4,Candi Trenggolek Paninggaran
4,Candi Sukuh
4,Candi Cetho
4,Candi Monyet
4,Candi Arimbi
4,Kidal
4,Tumpang
4,Dau
4,Wagir
4,Turen
4,Candi Tikus
4,Candi Bajang Ratu
4,Candi Brahu
4,Candi Gentong
4,Candi Wringin Lawang
4,candi Jabung
4,Candi Gayatri
4,Candi Dadi
4,Candi Cungkup
4,Candi Sanggrahan
4,candi Mirigambar
4,Candi Bodho
4,Candi Penampihan
4,candi era Kerajaan Kediri
4,Candi
4,Candi Laras
4,Kuripan
4,Danau
5,Bustanus Salatin
5,Hikayat Prang Sabi
5,Hikayat Malem Diwa
5,Legenda Amat Rhang Manyang
5,Legenda Putroe Neng
5,Legenda Magasang
5,Magaseueng
5,Legenda Magasang dan Magaseueng
5,Bekana
5,Bejandeh
5,Nyangahatn
5,Pantun Jepin
5,Asaren tuah Puhuna
5,Hikayat Prang Tondano
5,Hikayat Danau Tondano
5,Legenda Pingkan Matindas
5,Legenda Toar Lumimuut
5,Legenda Mamanua
5,Negeri Sambas
5,Brunei Darussalam Hikayat Banjar
5,Hikayat Malaysia
5,legenda suku Dayak
5,Hikayat Banjar Sultan Makassar
5,Jaka Poleng
5,Ciung Wanara
5,Suronggotho
5,Patak Warak
5,Srayuda
5,Studi
5,Sangkuriang
5,Legenda Sangkuriang
5,legenda nama Boyolali
5,Legenda Rara Jonggrang
5,legenda Nyi Roro Kidul
5,legenda terjadinya desa Nyatnyono
5,legenda Pandanaran
5,legenda Angling Dharma
5,DPRD
5,Komisi
5,Instansi Pemerintah Wonosobo
5,Hari
5,Juli
5,legenda Aryo Menak Sunoyo
5,Tatung
5,legenda Tiongkok
5,Hikayat Banjar Resensi I
5,Hikayat Banjar penduduknya
5,Hikayat Banjar
5,Hikayat Banjar tokoh
5,legenda Malin Kundang
5,legenda Sitti Nurbaya
6,Kraton Ratu Boko
6,Keraton Kasepuhan
6,Keraton Kanoman
6,Keraton Kacirebonan
6,Keraton Kaprabonan
6,Istana Kamali Baadia
6,Istana Malige
6,Istana Kamali Kara
6,Istana Kamali Bata
6,Istana Air Taman Sari
6,Istana raja
6,Aditywarman
6,istana Majapahit
6,Keraton Kasunanan
6,istana Daik Lingga
6,Istana Basa Pagaruyung
6,Keraton Yogyakarta
6,Keraton Surosowan
6,Keraton Kaibon
6,Istana Presiden Cipanas
6,Istana Bogor
6,Salah satu
6,Kraton Kartasura
6,Istana Gunung Mas
6,Keraton Sumenep
6,Istana Gebang
6,Keraton Matan Tanjungpura
6,Istana Kuning Kesultanan Kutaringin
6,Keraton Kesultanan Sambaliung
6,Keraton Kesultanan Ternate
6,Istana Kesultanan Pelalawan
6,Istana Rokan
6,Kompleks Istana Balla Lompoa
6,Istana Mande Rubiah
6,Istana Maimun
6,Sejarah
6,April
6,Keraton Gelgel
6,Istana Cilegon
6,Keraton Pakungwati
6,Keraton Galuh
6,Istana Gubernur Jenderal
6,Istana Presiden Republik
6,keraton Jepara
6,Jawa
6,anyar
6,keraton Kartosuro
6,Keraton Surakarta
6,Keraton Mataram
6,Keraton Kartasura
6,istana Kartasura
6,istana Mataram
6,Keraton Surakarta Hadiningrat
6,Triwindu
6,Sabtu
6,istana Kabupaten Wonorejo
6,Kraton Labangan Daja
6,Wisnu
6,Kraton
6,Keraton Bumi Kencana Martapura
6,keraton Martapura
6,istana Damnah
6,Istana Sultan Abdul Rahman Syah
6,maulud
6,Istana Datu Luwu
6,Ampera
6,Istana Adat
6,Keraton Mataram sebelah Barat Ponorogo
6,Istana
6,Keraton Ngayogyakarta
6,Istana Kepresidenan Yogyakarta
6,Keraton Sultan Bacan Labuha
7,Kesultanan Bacan
7,Kesultanan Jailolo
7,Kesultanan Tidore
7,Kesultanan Ternate
7,Afdeling Boeton
7,Afdeling Muna
7,Afdeling Laiwui
7,Kesultanan Aceh
7,Kesultanan Samudra Pasai
7,Kerajaan Tarumanagara
7,Kerajaan Sunda
7,Bantam
7,Kesultanan Banten
7,Palangka
7,Kerajaan Pajajaran
7,Kerajaan Sumedang
7,Kerajaan Selebar
7,Kerajaan
7,Tomini
7,Kesultanan Cirebon
7,Kerajaan Melayu Jambi berikut
7,Kerajaan Swarnabhumi
7,Kerajaan Melayu
7,Kerajaan Dharmasraya
7,Pelabuhan
7,Kesultanan Demak
7,Sunda
7,Kerajaan Galuh abad
7,Tengger
7,Mataraman
7,Kerajaan Banjar
7,Oktober
7,Lawai
7,kesultanan Islam
7,kesultanan Banjar
7,Kesultanan Sulu
7,Kesultanan Makassar
7,Agustus
7,Mei
7,Kerajaan Selaparang
7,Kerajaan Manggarai
7,Kerajaan Gelgel
7,Kerajaan Sriwijaya
7,kerajaan Tidore
7,Kerajaan Belanda
7,Presiden
7,Januari
7,Kerajaan Keritang
7,Kesultanan Indragiri
7,Kesultanan Siak Sri Inderapura
7,Kerajaan Gowa
7,Kerajaan Nusantara
7,Onderafdeling
7,Kesultanan Buton
7,Jawa
7,Kadipaten Pakualaman
7,Kadipaten Pakualamanan
7,Kadipaten berwenang
7,Raja Adipati Ida Dalem Krena Kepakisan
7,Ida Dalem Ketut Ngulesir
7,Ida Dalem Waturenggong
7,Ida Dalem Sagening
7,Ida Dalem Dimade
7,Kerajaan Taruma Negara
7,Kerajaan Galuh
7,Kerajaan Galuh Sindula
7,Kerajaan Galuh Rahyang berlokasi
7,Batas
7,Di sebelah Barat garis Citarum
7,Namun
7,Kadipaten
7,Kerajaan Kalingga
7,Kerajaan Kalinyamat
7,Kin San
7,Ki Ageng Pandan Arang
7,Sunan Bayat
7,Pangeran Kanoman
7,Mas Tumenggung Wongsorejo
7,Mas Tumenggung Prawiroprojo
7,Mas Tumenggung Alap-alap
7,Kyai Mertonoyo
7,Kerajaan Matan
7,Kerajaan Sukadana
7,Kerajaan Simpang
7,Kesultanan Kubu
7,Kerajaan Tanah Bumbu
7,Satui
7,Tabanio
7,Maluka
7,Kerajaan Kotawaringin
7,Kesultanan Bulungan
7,Kerajaan Tidung
7,Dialek bahas Tidung Malinau
7,Dialek bahasa Tidung Sembakung
7,Dialek bahas Tidung Sesayap
7,Dialek bahas Tidung Tarakan
7,Benayuk
7,Yamus
7,Ibugang
7,Itara
7,Ikurung
7,Ikarang
7,Karangan
7,Ibidang
7,Bengawan
7,Itambu
7,Aji Beruwing Sakti
7,Aji Surya Sakti
7,Aji Pengiran Kungun
7,Pengiran Tempuad
7,Aji Iram Sakti
7,Aji Baran Sakti
7,Datoe Mancang
7,Abang Lemanak
7,Ikenawai bergelar Ratu Ulam Sari
7,Ncuhi Dara
7,Ncuhi Parewa
7,Ncuhi Padolo
7,Ncuhi Banggapupa
7,Ncuhi Dorowani
7,Darmawangsa
7,Sang Bima
7,Sang Arjuna
7,Sang Kula
7,Sang Dewa
7,Kerajaan Terpenting
7,Kerajaan Endekan
7,Kerajaan Kassa
7,Kerajaan Tallu Batu Papan yang
7,Kerajaan Maiwa
7,Kerajaan Baringin
7,Kerajaan Batu Kangkung
7,Kerajaan Sebayak Lingga
7,Kerajaan Sebayak Sarinembah
7,Kerajaan Sebayak Suka
7,Kerajaan Sebayak Barusjahe
7,Kerajaan Sebayak Kutabuluh
7,Kerajaan Sukapiring Seberaja
7,Kesultanan Pasai
7,Kerajaan Aceh
7,Kesultanan Aceh Darussalam
7,Kerajaan Islam
7,Kesultanan Mataram
7,Kerajaan Klungkung
7,Kerajaan Payangan
7,April
7,Kerajaan Jembrana
7,Kraton
7,Puri
7,Negara
7,XVIII
7,XIX
7,Kerajaan Klungkung Bali
7,Desember
7,Staatsblad
7,Kerajaan Banten Girang
7,Kerajaan Banten Pasisir
7,Kerajaan Banten
7,Kerajaan Majapahit
7,Suwawa
7,Bualemo
7,Kerajaan Padjadjaran
7,Kerajaan Sumedanglarang
7,Kerajaan Mataram
7,Kerajaan Bojong Galuh
7,Kerajaan Pakuan Pajajaran
7,Kerajaan Singapura
7,Kerajaan Sunda runtuh
7,Angke
7,Citarum
7,pembatasnya
7,Hindu
7,Rakean
7,Kerajaan Hindu
7,Kerajaan Panjalu Ciamis
7,Mandala
7,kemandalaan
7,Kerajaan Talaga Manggung
7,ki
7,Sindangkasih
7,Kerajaan Cirebon
7,Kerajaan Cirebon dibebeaskan
7,Kerajaan Rajagaluh
7,kerajaan Galuh Pagauban
7,kerajaan Pananjung
7,Kerajaan Tembong Agung
7,Martalaya
7,Setyasih
7,Pakungwati
7,XVI
7,Kerajaan Pajajaran runtag
7,Batara
7,Kerajaan Galunggung
7,Kerajaan Sunda Pajajaran runtuh
7,Juni
7,Kerajaan Islam Cirebon
7,Kasunanan Surakarta
7,Kerajaan Pajang
7,Kerajaan Mataram Hindu
7,Petilasannya
7,Yosodipuro
7,Kerajaan Pengging
7,Kadipaten Tegal
7,Dayeuhluhur
7,Wanareja
7,Kedungreja
7,Patimuan
7,Majenang
7,Cimanggu
7,Karangpucung
7,Kesultanan Yogyakarta
7,Kadipaten Carangsoka
7,Kadipaten Pesantenan
7,Kemiri
7,Kadipaten Pati
7,Kadipaten pantai utara Jawa Tengah bagian Timur
7,Kerajaan Tanah Jawa
7,Kadipaten Bagelen
7,Giyanti
7,Mulud
7,Tahun
7,Windu
7,Ngalaroh
7,Pragota
7,kerajaan Mataram Kuno
7,Kesultanan Pajang
7,Februari
7,Tegal
7,tegalan
7,tetegil
7,Kerajaan Plakaran
7,Kerajaan Hindu Blambangan
7,Kerajaan Kediri
7,Kerajaan Brunai Darussalam
7,Kerajaan Kahuripan
7,Kerajaan Mataram Islam
7,Trowulan
7,Kasunanan Giri
7,Pararaton
7,Kidal
7,Tumpang
7,Berbek
7,Godean
7,Kadipaten Ponorogo
7,Kerajaan Kadiri
7,Kerajaan Tumapel
7,Kasunanan Kartasura
7,kerajaan Jawa
7,Kerajaan Kanjuruhan
7,Abad
7,kerajaan Blambangan
7,Kerajaan Demak
7,Menyusul
7,Kerajaan Mempawah
7,Singkawang
7,kerajaan Negara Dipa
7,Dusun
7,Laut
7,Kesultanan Gowa
7,Kerajaan Pamukan
7,Kerajaan Pagatan
7,Kerajaan Negara Daha
7,Kesultanan Banjarmasin
7,Kesultanan Berau
7,Kesultanan Sambaliung
7,Kesultanan Gunung Tabur
7,Dati
7,Sambaliung
7,Kesultanan Kutai Kartanegara ing Martadipura
7,Kesultanan Kutai
7,Kerajaan Pasir
7,Penajam
7,Kesultanan Kutai Kartanegara
7,berdirinya
7,Kerajaan Tidung Kuno
7,Kerajaan Benayuk
7,Koba
7,Kerajaan Sekala Beghak
7,Kepaksian Bejalan Diway
7,Kepaksian Nyekhupa
7,Kepaksian Belunguh
7,Kesultanan Muslim Ternate
7,Kesultanan Bima
7,Putra
7,Putri
7,Juli
7,Kerajaan Pagesangan
7,Lakekun
7,Naitimu
7,Asumanu
7,kerajaan Fialaran
7,kerajaan afdelling Timor
7,Kerajaan Indragiri
7,duhulu
7,kesultanan Siak
7,Selatpanjang
7,kerajaan Singosari
7,Bantayan
7,Kerajaan Makassar
7,Cikal
7,Pare
7,swapraja
7,Kassa
7,Batulappa
7,Sawitto
7,Suppa
7,kerajaan Sidenreng
7,Kerajaan Rappang
7,Kerajaan Bulo
7,kerajaan Soppeng
7,Kerajaan Luwu
7,Kerajaan Bugis
7,kerajaan Banggai
7,Kerajaan Palu
7,Lawa
7,kerajaan Melayu waktu
7,kerajaan Tumasik
7,Basemah
7,Lintang
7,Gumai
7,Sembilan
7,Kayuagung
7,Gamelan
7,gong
7,kesultanan Palembang
7,Ampera
7,Batak
7,Minang
7,kesultanan Melayu Deli san Serdang Suku Karo
7,Kesultanan Deli
7,Kesultanan Serdang
7,Kerajaan Aru
7,hulu
7,hilir
7,Kerajaan Padang masa
7,Progo
7,Kasultanan
7,Istana
8,Kolam Pemandian Air Panas
8,Tabarena
8,Island
8,Lagoi
8,Pantai
8,Kolam Air Panas
8,Taman Yasmin Sport Centre
8,Bukit Cimanggu City-Marcopolo
8,Bogor Nirwana Residence-Jungle Water Park
8,Warung Makan Kalinyamatan
8,Kolam Pemandian Walik Asri
8,Kolam Desa Tudu Aog
8,Kolam Gaul
8,Kolam Sri Deli
8,Kolam Air Deras
8,Tlatar
8,Gunung
8,Merbabu
8,kolam olympic
8,Surabaya
8,Manyar
8,Kolam Pemandian
8,kolam pemandian Hargo Dumilah
8,motorcross
8,Kolam Susuk
8,Kolam Putri
9,masyarakat adat Cirebon
9,masyarakat adat Kapuas Hulu
10,Kuil Shri Mariamman
11,Lagu Manuk Dadali
11,Lagu Cing Cang Keling
11,Ampar-ampar Pisang
11,Sapu Tangan Babuncu Ampat
11,Paris Barantai
11,Burung Enggang
11,Meharit
11,Anjat Manik
11,Bebilin
11,Andang Sigurandang
11,Bedone
11,Ayen Sae
11,Sorangan
11,Lamin Talunsur
11,Buah Bolok
11,Aku Menyanyi
11,Sungai Kandilo
11,Rambai Manguning
11,Ading Manis
11,Indung-Indung
11,Basar Niat
11,Berampukan
11,Undur Hudang
11,Kada Guna Marista
11,Tajong Samarinda
11,Citra Niaga
11,Ne Poq Batangph
11,Banuangku
11,Kekayaan Alam Etam
11,Mambari Maras
11,Kambang Goyang
11,Apandang Jakku
11,Keledung
11,Ketuyak
11,Jalung
11,Antu
11,Mena Wang Langit
11,Tung Tit
11,To Kejaa
11,Ting Ting Nging
11,Endut-Endut
11,Enjung-Enjung
11,Julun Lajun
11,Sungai Mahakam
11,Samarinda Kota Tepian
11,Jagung Tepian
11,Kandania
11,Sarang Kupu
11,Adui Indung
11,Nasi Bekepor
11,Nasib Awak
11,Tenau
11,Luwai
11,Balarut
11,Leleng
11,Merutuh
11,Yo Miak
11,Alam Wisata Pulau Bangka
11,Men Sahang Lah Mirah
11,lagu
11,lagu Tanoh Lada
11,Lagu Tombo Ati
11,Pantun Melawi
11,Sungai Martapura
11,Hura Ahui
11,Kambang Barenteng
11,Mandare Purun
11,Pawanangan
11,Papande Wanua
11,Leut
11,Tanah Bumbu
11,Mahadang Ading
11,Baikat Janji
11,Kampung Batuah
11,Talambat Badatang
11,Pangeran Suriansyah
11,Banua Banjar
11,Pambatangan
11,Lagu Daerah Terkenal
11,Lagu Daerah seperti Melati Karangan
11,lagu  Kimigayo
11,Tarling
11,lagu Halo
11,lagu pop
11,lagu sesanti
11,lagu bernuansa Ngapak Banyumasan
11,lagu Purbalingga Mbangun
11,Sungai Bengawan Solo
11,Museum Satwa
11,lagu zapin
11,lagu Dayung Sampan
11,Teluk Bayur
12,Kuburan Kerkhoff
12,Makam Sentot Alibasyah
12,Makam Akik Ning
12,Makam Atok Banjar
12,Kuburan Borgo
12,Kuburan Kerkhoff Kuburan Belanda
12,Pemakaman Imogiri
12,Pemakaman Girigondo
12,kuburan Kerkoff Peucut
12,kuburan Belanda terluas
12,Makam Keramat Panjang
12,makam Rajanya
12,Pemakaman suci Ju Panggola
12,makam Syech Jangkung
12,makam KH
12,makam Tumenggung Wilwatikta Mpu Santibadra
12,Islam
12,makam Islam
12,kompleks makam Majapahit
12,makam Presiden Republik
12,makam Raja Haji
12,Makam Marhum Pekan
12,makam Sultan Marhum Bukit
12,kuburan Belanda
12,Kuburan Batee Meuculek
12,Makam Syeh Mahmud
12,Makam Laksamana Malahayati
12,Makam Kramat Du Panggola
12,Makam Aulia Raja Ilato
12,Makam Pangeran Jayakarta
12,Makam Sultan Thaha
12,Makam Karl Adolf Bosscha
12,Makam Sunan Gunung Jati
12,Petilasan Cimandung
12,Balong Keramat Tuk
12,Makam keramat Megu
12,Makam Nyi Mas Gandasari
12,Makam Syekh Magelung Sakti
12,Makam Talun
12,Makam Buyut Trusmi
12,Makam Godog
12,Makam Cinunuk Hilir
12,Makam Pangeran Muhammad
12,Makam Siti Armilah
12,Makam Sunan Parung
12,Makam Baing Yusuf
12,Makam Mama Sempur
12,Makam Raden Aria Wangsa Goparana
12,Makam Embah Tumpang
12,Makam Sunan Kalijaga
12,Makam Raden Patah
12,Makam Ki Ageng Selo
12,Makam Ki Ageng Tarub
12,Makam Ki Ageng Getas Pendowo
12,Makam Syekh Siti Jenar
12,Makam Mbah Roboyo
12,Makam Datuk Gunardi
12,Makam Habib Ali
12,Makam Syeh Abu Bakar
12,Makam Ki Gede
12,Makam Syeh Amir Hasan
12,Makam Mbah Pakisaji
12,Makam Ronggo Kusumo
12,Makam Mbah Datuk Subuh
12,Makam Habib Sodiq
12,KH Noor Ahmad SS
12,Makam Habib Sodiq dan KH Noor Ahmad SS
12,Makam Assayyid Thoyyib Thohir
12,Syaikh Syamsuri
12,Makam Assayyid Thoyyib Thohir dan Syaikh Syamsuri
12,Makam Pangeran Syarif
12,Mbah Jenggolo
12,Makam Pangeran Syarif dan Mbah Jenggolo
12,Makam Sunan Hadirin
12,Ratu Kalinyamat serta Raden Abdul Jalil
12,Makam Sunan Hadirin dan Ratu Kalinyamat serta Raden Abdul Jalil
12,Makam Sunan Bromo
12,Makam Kyai Mandurorejo Protomulyo Kaliwungu Selatan Kabupaten Kendal
12,Makam Wali Gembyang
12,Makam Wali Joko
12,Makam Wali Hadi
12,Makam Pangeran Djoeminah
12,Makam Tumenggung Mertowijoyo
12,Makam Sunan Abinowo
12,Makam Petilasan Krapyak
12,Makam Pengeran Benowo
12,Makam Sunan Kudus
12,Makam Sunan Muria
12,Makam Sunan Kedu
12,Makam Syeh Syadzili
12,Makam Kyai Telingsing
12,Makam Keluarga Trah Tjondronegoro III
12,Makam Mbah Tanggulangin
12,Makam Sedo Mukti
12,Makam Nyai Ageng Ngerang
12,Makam Syeh Jangkung
12,Makam Mbah Tabek Merto
12,Makam Syeh Ahmad Mutamakkin
12,Makam Sunan Ngerang
12,makam Sunan Makhdum Pimpinan Walisongo I
12,Makam Syeh Ronggo Kusumo
12,Makam Sunan Prawoto
12,Makam Bandung Bondowoso Ratu Pengging
12,Makam Prabu Angling Dharma
12,Makam Mahapatih Batik Madrim
12,Makam Ki Ageng Balak
12,Makam Ki Ageng Sutowijoyo
12,Makam Ki Ageng Purwoto Sidik
12,Makam Ki Ageng Trenggonokusumo
12,Makam Ssayyid
12,Makam Ki Ageng Makukuhan
12,Makam Syaikhona Muhammad Kholil
12,Makam Bujuk Cendana
12,Makam raja-raja Bangkalan
12,Makam Wali Kidangan
12,Makam Buyut Dalem
12,Makam Mbah Malang Negoro
12,Makam Maulana Malik Ibrahim
12,Makam Sunan Giri
12,Makam Sunan Prapen
12,Makam Fatimah binti Maimun
12,Makam Kanjeng Sepuh
12,Petilasan Sunan Kalijaga
12,Makam Tan Malaka
12,Makam Gus Miek
12,Makam Sunan Drajat
12,Makam Sunan Sendang Duwur
12,Makam Syekh Maulana Ishaq
12,Makam Sunan Lamongan
12,Makam Dewi Sekardadu
12,Makam Dewi Andongsaroli
12,Makam Mbah Raden
12,Makam Kanjeng Jimat
12,Makam Batuampar
12,Makam Kyai Ratoh Sumber Anyar
12,Kuburan Madegan
12,Pasarean Syech Maulana Ishaq
12,Pasarean Agung Saifudin
12,Makam Raden Tjondrokusumo
12,Petilasan Syekh Maulana Ishaq
12,Makam Ke Pate Alos
12,Makam Sunan Bonang
12,Makam Syeh Maulana Ibrahim Asmaraqandi
12,Makam Sunan Bejagung Lor
12,Makam Sunan Bejagung Kidul
12,Makam Syekh Achmad Cholil
12,Makam Sunan Gesing
12,Makam Syekh Subakir
12,Makam Kuno Mbah Wassil
12,Makam Sunan Ampel
12,Makam Datu Kayan
12,Makam Datu Aminin
12,Makam Pangeran Agung alias Adji Pati
12,Komplek Makam Sultan Suriansyah
12,Komplek Makam Pangeran Antasari
12,Makam Raja-Raja Kesultanan Gunung Tabur
12,Kompleks makam raja-raja
12,Makam Belanda
12,Kompleks Makam Temenggung Jamaludin
12,Datuk Kaya Montel
12,Kompleks Makam Temenggung Jamaludin dan Datuk Kaya Montel
12,Makam Megat Kuning
12,Makam KH Ghalib Pringsewu Barat Pringsewu
12,Makam Raja-Raja Taebenu
12,Makam Mahmud Syah
12,Komplek Makam Raja-Raja Pelalawan
12,Makam Panglima Kudin
12,Makam Raja-Raja Rambah
12,Makam wae Tenri Leleang
12,Makam Petta Pallaselasee
12,Makam We Pancai Tana
12,Makam Lamaddusila
12,Makam Karaeng Lipukasi
12,Makam Sultan Hasanuddin
12,Makam Arung Palakka
12,Makam Syech Yusuf
12,Makam PongTiku
12,Makam Raja-Raja Tallo
12,Makam pahlawan nasional Ibu Maria Walanda Maramis
12,Makam Keramat Tanjung Lilin
12,Makam Pangeran Peranpati
12,Makam Ratu Bagus Baginda Ali
12,Makam Mangku Yuda
12,Makam Muyang Tuan Raja Benar
12,Makam Muyang Putih
12,Makam Muyang Maulana Sakti
12,Makam Oppu Parmata Sapihak
12,Pekuburan Brahrang
12,Pekuburan Rambung
12,Perkuburan Kebun Lada
12,Pekuburan Marcapada
12,kompleks makam Sultan Malikussaleh
12,Makam Sultanah Nahrasiyah
12,Makam Sultan Iskandar Muda
12,makam kesultanan Banten
12,Makam Panglima Ratu Samban
12,kuburan Kapal Tujuh
12,Makam P
12,makam Pangeran Kejaksan
12,Makam Syeikh Quro
12,Makam RA
12,makam Syech Baing Yusuf
12,makam Syekh Tubagus Ahmad Bakri as
12,Lapangan
12,makam Gedong Ageng
12,Makam Santri Songo
12,makam Astono luhur R
12,makam R
12,makam Ki Ageng Singaprana
12,Makam Tentara Jawa
12,makam Presiden II Republik
12,Makam Pangeran Djuminah
12,Makam Pangeran Benowo
12,Makam Kyai Seapu
12,Makam Sunan Bayat
12,Makam Keluarga Trah Tjondronegoro
12,Makam Kyai Condrogeni
12,Makam Sunan Geseng
12,Makam Raden Santri
12,makam kanjeng Swargi
12,Makam pahlawan pergerakan emansipasi wanita
12,makam keluarga Bambang Kertonadi
12,Makam Syekh penyebar agama islam
12,TPU
12,pemakaman Kristen
12,makam raja Islam
12,makam Oggo Kusumo
12,kompleks Makam Agung Panembahan Lemah Duwur
12,makam Syech Husen
12,kompleks Makam Agung Lemah Dhuwur
12,kompleks makam Syech Husen
12,komplek makam Poesponegoro
12,makam Syech Maulana Malik Ibrahim
12,makam Gus Dur
12,makam Anusapati
12,Makam Joko Buduk
12,Penetapan
12,kompleks makam Batara Katong
12,Makam Bathara Katong
12,Makam Gondoloyo
12,makam ibu Praseno
12,Makam Bung Karno
12,makam Ki Ageng Panembahan Ronggo Jumeno
12,makam Mbah Reni
12,Pemakaman Bibis
12,Makam Datuk Kandang Haji
12,Makam H
12,Makam Syekh H
12,Makam Raja
12,Makam La Mohang Daeng Mangkona
12,Kuburan Keramat
12,kuburan Panglima Ali Tempat
12,Makam Merah
12,Makam KH Ghalib
12,Makam Raja Saguwowo Desa Kalikur Kec
12,makam Raja Anakalang
12,makam Raja Sanrobone
12,pemakaman Lemo
12,makam Jera  Surutanga
12,makam raja Lokkoe
12,kuburan batu moyang Minahasa
12,makam leluhur orang Minahasa
12,Kuburan Panjang Datuk Tantejo Gurhano
12,makam peninggalan masa Islam
12,makam Imogiri
12,Makam Para Ulama
13,Ayam betutu
13,Babi guling
13,Be Kokak Mekuah
13,Be Pasih mesambel matah
13,Bebek betutu
13,Berengkes
13,Grangasem
13,Jejeruk
13,Jukut Urab
13,Komoh
13,Lawar
13,Nasi Bubuh
13,Nasi Tepeng
13,Penyon
13,Sate Kablet
13,Sate Babi Guling
13,Sate Pusut
13,Sate Lilit
13,Sate pentul
13,Sate penyu
13,Sate Tusuk
13,Timbungan
13,Jukut Ares
13,Tum
13,Urutan Tabanan
13,Pesan Be Pasih
13,Bubuh Sagu
13,Bubuh Sumsum
13,Bubuh Tuak
13,Jaja Batun Duren
13,Jaja Begina
13,Jaja Bendu
13,Jaja Bikang
13,Jaja Engol
13,Jaja Lukis
13,Jaja Godoh
13,Jaja Jongkong
13,Jaja Ketimus
13,Jaja Klepon
13,Jaja Lak-Lak
13,Jaja Sumping
13,Jaja Tain Buati
13,Jaja Uli misi Tape
13,Jaja Giling
13,Jaja Wajik
13,Rujak Bulung
13,Rujak Kuah Pindang
13,Rujak Manis
13,Rujak Tibah
13,Salak Bali
13,Jaja Abug
13,Jaja Lempog
13,Jaja Baro-Baro
13,Binte Biluhuta
13,Ayam Iloni
13,Milu Tongkol
13,Gogu
13,Milu Tongkol dan Gogu
13,Nike
13,Tili Aya
13,Asinan Betawi
13,Soto Betawi
13,Gabus pucung
13,Sayur babanci
13,Sayur godog
13,Sayur besan
13,Ayam sampyok
13,Sambelan lengkio
13,Soto tangkar
13,Soto mie
13,Pecak tembang
13,Bandeng pesmol
13,Nasi kebuli
13,Nasi uduk
13,Nasi ulam
13,Es selendang mayang
13,Es goyang
13,Kue cucur
13,Kue rangi
13,Kue talam
13,Kue kelen
13,Sengkulun
13,Putu mayang
13,Andepite
13,Sagon
13,Kue ape
13,Kue cente manis
13,Kue pepe
13,Kue dongkal
13,Rujak penganten
13,Kerak telor
13,Kue geplak
13,Roti buaya
13,Kue kembang goyang
13,Dodol betawi
13,Bir pletok
13,Batagor
13,Cireng
13,Comro
13,Misro
13,Tape singkong
13,Oncom
13,Ubi Cilembu
13,Mochi
13,Dodol Garut
13,Empal Gentong
13,Sega Jamblang
13,Kecap Majalengka
13,Kalua Jeruk
13,Opak
13,Tahu Sumedang
13,Gula Cakar
13,Wajit
13,Rengginang
13,Combro
13,Sate Maranggi
13,Gehu
13,Cimol
13,Bala-Bala
13,Gulali
13,Sele Pisang
13,Asinan Bogor
13,Tutug Oncom
13,Manisan Cianjur
13,Angling
13,Hucap Kuningan
13,Adas
13,Papais Ada berbagai varian diantaranya Papais Biasa
13,Galendro Ampas Kelapa
13,Apeum
13,Ranginang
13,Gerejek
13,Simpring
13,Saroja
13,Sambel Beledak
13,Rujak
13,Lemang
13,Lemper
13,Lepat
13,Jimut
13,Lulun
13,Lempok
13,Tehpung
13,kue lapis berbagai macam serta kue keranjang
13,Masakan Asam Pedas
13,Masakan Bubur Pedas
13,Kerupok basah
13,Ale-ale
13,Pansoh
13,Mie Tiau
13,Nasi Ayam
13,Mie Pangsit
13,Nasi Ayam dan Mie Pangsit
13,Sungkui
13,Kue Biji Nangka
13,kue
13,Jagung
13,Hulu Sungai Selatan
13,apam
13,buntut
13,Binuang
13,rimpi
13,Soto Banjar
13,Sate Itik
13,Nasi Kuning
13,Song Sui adalah
13,Getas
13,Kritcu
13,Rusip
13,Sagu
13,Papeda
13,rintek wuuk
13,RW
13,pindang
13,Pakpak Dairi
13,Pelleng
13,Batak
13,Manuk labakh
13,Ikan labakh
13,Puket Megaukh
13,Lepat bekhas
13,Gelame
13,Puket Megaluh
13,Buah Khum-khum
13,Ikan pacik kule
13,Teukh Mandi
13,Puket mekuah
13,Tumpi
13,godekhr
13,puket sekuning
13,cimpe
13,getuk
13,Sulukh Kosap
13,Bubuk Kopi
13,Kerupuk Kulit
13,Tempe
13,Tahu
13,Asam Kana
13,Roti Kering
13,Roti Basah
13,Dodol Halua
13,Kerupuk Tepung
13,Pengupasan Kopi
13,Pengupasan Kacang
13,Kipang Beras
13,Peyek Kacang
13,Es Lilin
13,Es Balok
13,Tepung Beras
13,Sirup
13,Kacang Asin
13,Keripik Pisang
13,Kerupuk Ubi
13,Bumbu Masak
13,Pengasinan Ikan
13,Emping Beras
13,Air minum isi ulang
13,Mie Basah
13,Jamu Bubuk
13,Garam Rakyat
13,Coklat
13,Nasi Ayam Kedewatan
13,Nasi Ikan Mak Beng
13,Nasi Campur
13,Babi Guling Chandra
13,Warung Wardana
13,Bebek Goreng HT
13,Sate Plecing
13,Depot Kepiting Super
13,Resto Bali Nikmat
13,Warung Batan Waru
13,Warung Made
13,Ikan Bakar
13,Nyoman Cafe
13,Menega Cafe
13,Jebak
13,Toko Krisna
13,Toko Erlangga
13,Pasar Kumbasari
13,Rabeg
13,Sate bandeng
13,Nasi sumsum
13,Sambel burog
13,Angeun lada
13,Ayam bakar bekakak
13,Godog uyah asem
13,empal daging
13,Godog uyah asem dan empal daging
13,Mal Teraskota
13,Eat Republic
13,Flavor Bliss
13,Fresh House Bakery
13,Kampoeng Aer
13,Gecom
13,Pindang Bandeng
13,Kecap Benteng
13,Laksa Tangerang
13,Binthe Biluhuta
13,Nasi Milu
13,Poki-poki Sambal
13,Gohu
13,Milu Tongkol dan Gohu
13,Kue Pia Saronde
13,Kopi Pinogu
13,Beras Padi Payo
13,Gulai Ikan Semah
13,Dendeng Batokok Kincai
13,Dadeah
13,Dodol Kentang
13,Sirup Kayu Manis
13,Tempoyak Kedai Ombai
13,Kue Srikaya
13,Nasi Gemuk
13,Jus Pinang Yusmawardi
13,Nasi Gemuk dan Jus Pinang Yusmawardi
13,Sup Empal Gentong
13,Sega Lengko
13,Docang
13,Mie Koclok Cirebon
13,Bubur Ketan Hitam
13,Tahu Gejrot
13,Tahu Petis
13,Tempe Mendoan
13,Intip
13,Kerupuk Mlarat
13,Emping
13,Kue Apem
13,Kue gapit
13,Sirup Tjampolay
13,Es Doger
13,Ladu Malangbong
13,Pindang Ikan
13,Sambal Cibiuk
13,Es Goyobod
13,Jeruk Garut
13,Burayot
13,Getrek
13,Emplod
13,Chocodot
13,Kerupuk RO
13,Rangginang
13,Bugis
13,Lagenar
13,Kicimpring
13,Angleng
13,Kolontong
13,Dapros
13,Gogodoh
13,Cuhcur
13,Peuyeum Ketan
13,Peuyeum Sampeu
13,Pedesan Entog
13,Kuliner ini
13,Bubur Indramayu
13,Bubur ini
13,Rumbah
13,Rumbah disebut juga
13,Nagasari
13,Koci
13,Tak jauh beda
13,Keripik Mangga
13,Makanan olahan
13,Burbahcek
13,Bubur Rumbah Cecek
13,Kerupuk Udang
13,Terasi
13,Terasi terbuat
13,Cimplo
13,Keripik Melinjo
13,Dodol Mangga
13,Batu Ony
13,Batu Granit
13,Suiseki
13,Bonsai
13,Cincin
13,Peti Antik
13,Calung
13,Kecap Majalangka
13,Mangga Gedong Gincu
13,Nasi Lengko
13,Jalakotek
13,Kripik Jagung
13,Dodol Jambu
13,Jambu Keletuk Merah
13,Soto Sadang
13,Peuyeum bendul
13,Gula aren Cikeris
13,Manisan pala
13,Teh hijau
13,Colenak
13,Oncom Dawuan
13,Kerupuk Miskin Purwadadi
13,Nanas Simadu
13,Olahan Nanas
13,Gepuk
13,Nasi Liwet Mang Aca
13,Nasi Liwet Mang Nana
13,Rambutan Kalijati
13,Mie Level
13,Tutut Soding
13,Sate Kambing Muda
13,Bakso Tahu
13,Cuankie
13,Brownies Amanda
13,Surabi
13,Peuyeum
13,Cendol
13,Peuyeum Bandung
13,Karedok
13,Ambokueh
13,Lotek
13,Bandrek
13,Bajigur
13,Ketan Bakar
13,Bandros
13,BusKud
13,De Risol
13,Cilok
13,Cilung
13,Gorolong Lamot
13,Surandil
13,Candil
13,Endog-endogan
13,Galendo
13,Seblak
13,Gehu Pedas
13,Soto Bogor
13,Cungkring
13,Doclang
13,Gepuk Karuhun
13,Ikan Balita
13,Toge Goreng
13,Roti Unyil
13,Laksa Bogor
13,Lapis Bogor
13,Es Pala
13,Bir Kocok
13,Giant Taman Yasmin
13,Lottemart Taman Yasmin
13,Hero
13,Gramedia
13,Hero dan Gramedia
13,Roti Unyil Venus
13,Lapis Talas Bogor Sangkuriang
13,Lapis Bogor Sangkuriang
13,Bakso Hejo
13,Alam Wisata Cimahi
13,Nasi merah
13,Pujasera
13,Mie Tegal Lega
13,Saung Kuring
13,Cilok Goreng
13,Rumah Makan Padjeng
13,Bakso Boedjangan
13,Warunk Upnormal
13,Nasi Goreng Mas Tong
13,Usus sapi rebus
13,Emping berukuran besar
13,Siroop Tjampolay minuman legendaris asal Cirebon
13,Anita Bakery
13,Guardian
13,Sports Station
13,Solaria
13,Pizza Hut
13,Bioskop
13,Toko Buku Karisma
13,Yogya Tasik HZ
13,Yogya Mitra Batik
13,Samudra Toserba HZ
13,Samudra  HZ
13,Giant hypermarket
13,Lottemart Wholesale
13,Dawet Ayu
13,Tempe Mendhoan
13,Combro Kering
13,Bakso
13,Apem Madukara
13,Jenang Salak Madukara
13,Buntil
13,Jipang
13,Keripik kentang Batur
13,Keripik Mujahir
13,Mendoan
13,Sate Bebek Tambak
13,Soto Sokaraja
13,Gethuk Goreng Sokaraja
13,Es Dawet Banyumas
13,Wedang Runtah
13,Getuk goreng sokaraja
13,Jenang jaket
13,Kraca
13,Keripik tempe
13,Kue Gelombang Samudra
13,Nopia
13,Mino
13,Soto Klethuk
13,Sate Ayam Blora
13,Sate Kambing Blora
13,Manco
13,Iwak Asin Sego Jagung
13,Oseng-Oseng Ungker
13,Lontong tahu
13,Betiti
13,Egg Roll Waloh
13,Tahu Pentol
13,Grontol Jagung
13,Mie Puyang Kuah
13,Mie Puyang tanpa kuah
13,Mangut ikan panggang
13,Wedang Cemohe
13,Limun Kawis
13,Soto Daging Bening
13,Sambal Lethok
13,Jenang Pecel
13,Dodol Susu
13,Tahu Susu
13,Mentho
13,Jadah Bakar
13,Telur asin
13,Rujak Belut Mak Ribut
13,Kupat Blengong
13,Kupat Blengong dan Sate Blengong
13,Bandeng Presto Duri Lunak
13,Tape ketan daun jambu
13,Teh Poci Wasgitel
13,Kerupuk rambak
13,Bakso Dengkil
13,Nasi Kropokhan
13,Nasi Ndoreng
13,Nasi Brongkos
13,Botok Telur Asin
13,Asem-Asem Demak
13,Sop Balungan
13,Bakso Balungan
13,Swike Kodok
13,Wedang Pekak
13,Es Rames
13,Belimbing Demak
13,Jambu Demak
13,Koktail Belimbing Bintang
13,Jus Belimbing Bintang
13,Sirup Belimbing Bintang
13,Kerupuk Catak
13,Kerupuk Udang Tambak
13,Botok Yuyu
13,Sayur Becek
13,Nasi Jagung
13,Pecel Gambringan
13,Garang Asem
13,Pasar Payung
13,Belum Ada Nama Resmi
13,Pindang Serani
13,Soto Jepara
13,Soto Bumbu
13,Sop Udang
13,Sup Pangsit Jepara
13,Opor Panggang
13,Bongko Mento
13,Lontong Krubyuk
13,Singit
13,Semur Jepara
13,Sayur Pepaya Jepara
13,Sayur Asem Jepara
13,Sayur Betik
13,Kelan Antep
13,Gule Petih Jepara
13,Laksa Jepara
13,Sayur Keluak Ayam
13,Kagape kambing
13,Bakso Ikan Ekor Kuning
13,Siomay Tongkol
13,Tongseng Cumi
13,Rempah Jepara
13,Bontosan
13,Horok-Horok
13,Hoyok-Hoyok
13,Sate Sapi Jepara
13,Sate Kikil
13,Pecel Ikan Laut Panggang
13,Tempong
13,Sambal Samtis
13,Sambal Raden
13,Sambal Poyah
13,Sambal Jambu Mete
13,Kuluban
13,Brayo
13,Lato
13,Kerayanan
13,Sutet
13,Wedang Horok-Horok
13,Kopi Dapur Kuwat
13,Kopi Tempur
13,Kopi Damarwulan
13,Adon-Adon Coro
13,Es Gempol
13,Es Dawet Jepara
13,Rujak Degan
13,Turuk Bintol
13,Tawur
13,Kicak
13,Lapis Pati Bodin Jepara
13,Rondho Royal
13,Putu sagu
13,Gethuk Pero
13,Madu Mongso
13,Poci
13,Talam
13,Moka
13,Sengkolon
13,Klenyem
13,Kenyol
13,Nogosari
13,Moto Belong
13,Kacang Jepara
13,Kacang listrik
13,Kerupuk tengiri
13,Kerupuk Kerapu
13,Carang madu
13,Durian Petruk
13,Jeruk Jepara
13,Macan Kurung Mini
13,Tugu Kartini Mini
13,Batik Jepara
13,Kaos I Love Jepara
13,Perhiasan Monel
13,Pernak Pernik Kayu
13,Momoh
13,Sate Bumbon
13,Rica Rica Menthog
13,Bebek Ijo
13,Soto Kendal
13,Pecel Kembang Turi
13,Bandeng Tanpa Duri
13,Mangut Lele
13,Brongkos
13,Telur Ikan Mimi
13,Panggang Ikan Klayar
13,Mangut Kepala Ikan Manyung
13,Bir Jawa
13,Kopi Cacaban
13,Kerupuk Petis
13,Kerupuk Tayammum
13,Spesial Gulali Khas Kendal
13,Olahan Jambu Getas Merah
13,Emping Bandeng
13,Abon Bandeng Cabut Duri
13,Stik Balado Pedas
13,Kerupuk Duri Bandeng
13,Krecek Ketan Bandeng Cabut Duri
13,Sumpil
13,Ondal Andil
13,Ayam Bakar Khas Klaten
13,Ayam Panggang Khas Klaten
13,Kepelan
13,Sop Ayam Pecok
13,Nasi Tumpang Lethok
13,Soto Bebek
13,Bebek Bacem
13,Soto Bebek dan Bebek Bacem
13,Bakmi Miroso
13,Angkringan
13,Keripik Cakar
13,Keripik Belut
13,Keripik Paru
13,Soto Kwali Klaten
13,Taman Bojana
13,Soto Kudus
13,Lentog Tanjung
13,Sate Kerbau Kudus
13,Pindang Kerbau
13,Opor Bakar Sunggingan
13,Sambal Jeruk Pamelo
13,Sambal Cengkeh
13,Kopi Jetak
13,Wedang Alang-Alang Kudus
13,Wedang Pejuh
13,Jenang Kudus
13,Kacang Bawang
13,Jambu Bol
13,Duku Sumber
13,Bordir Kudus
13,Batik Kudus
13,Kupat Tahu Blabak
13,Sop Senerek
13,Buntil Daun Talas
13,Nasi Goreng Magelangan
13,Enthog Goreng
13,Mangut Beong
13,Gethuk Trio
13,Wajik Salaman
13,Tape Ketan Muntilan
13,Gethuk Ireng
13,Jenang Gempol
13,Es Plered
13,Jali-jali
13,Kipo
13,Patilo Polengan
13,Pothil Magelang
13,Jeruk Keprok
13,Salak Nglumut Magelang
13,Nasi Gandul
13,Mangut Ndas Manyung
13,Soto Kemiri
13,Petis Kambing Runting
13,Kotokan Gereh Tongkol
13,Sego Tewel
13,Kempleng Urang
13,Botok Masin
13,Sayur Tempe Bosok
13,Kela mrica
13,Gethuk Runting
13,Jenang Landoh
13,Tape Gembong
13,Dawet Siwalan
13,Wedang Coro
13,Kopi Jolong
13,Wedang Cemoe
13,Bandeng Presto Juwana
13,Kerupuk Daging
13,Kerupuk Ampo
13,Kerajinan Kuningan
13,Batik Bakaran
13,Megono
13,Tauto Pekalongan
13,Pindang Tetel
13,Iwak Panggang
13,Wajik Kletik
13,Kopi Tahlil
13,Apem Kesesi
13,Kluban
13,Usek Krenyes
13,Ondhol
13,Dawet Hitam
13,Tahu Kupat
13,Geblek
13,Clorot
13,Lanting
13,Kue Satu
13,Kue Lompong
13,Tiwul punel
13,Krimpying
13,cenil
13,Awuggawug
13,Lapis
13,Sayur Merica
13,Sate Sarepeh
13,Mangut
13,Pindang Tempe
13,Petis Bumbon
13,Lontong Tuyuhan
13,Terasi Petis Bonang
13,Dumbeg
13,Jenang Waluh
13,Jadah
13,Kaoya Dudul
13,Kerupuk Bakar
13,Kacang Atom
13,Kacang Pres
13,Gula Semut
13,Wedang Gaul
13,Es Legen
13,Sirup Kawis
13,Buah Kawis
13,Legen
13,Siwalan
13,Duku Woro
13,Tahu Serasi
13,Sate Sapi Kempleng
13,Gudeg Merak Mati
13,Kopi Eva
13,Gecok Tlogo
13,Serabi Kucur
13,Tahu Baxo
13,Gethuk goreng
13,Emping Waluh
13,Kelengkeng Bandungan
13,Krupuk Bakar
13,Mari Wijen
13,Torakur
13,Tahu Bakso Ungaran
13,Geplak Waluh
13,Soto Kwali
13,Sate Kambing
13,Pecel Tumpang
13,Botok Mercon
13,Es Teler
13,Es Degan
13,Es Buah
13,Es Dawet
13,Spesial Sambal
13,Mie Ayam
13,Soto
13,Gempol Pleret
13,Jenang Sumsum
13,Jenang Grendul
13,Kripik Singkong
13,Kripik Belut
13,Nasi kucing
13,Nasi Teri
13,Bothok Miri
13,Nasi Liwet
13,Jenang Krasikan
13,Gado-Gado
13,Pecel
13,Brambang Asem
13,Sate Gembus
13,Tempe Alakatak
13,Tengkleng
13,Ampyang
13,Teh poci
13,Soto tegal
13,Kemronyos
13,Kupat glabed
13,Kupat bongkok
13,Sate bebek majir
13,Sate blengong
13,Nasi ponggol
13,Nasi ponggol setan
13,Sate tegal
13,Nasi bogana
13,Olos
13,Petis
13,Kerupuk Anthor
13,Tahu kuping
13,Rujak teplak
13,Tahu aci
13,Tahu plethok
13,Pilus
13,Kacang asin bogares
13,Gejos
13,Martabak Lebaksiu
13,Kue lolos
13,Kue bongko
13,Semprong
13,Kecepit
13,Jenang
13,Gemblong kocar-kacir
13,Moci
13,Kesenian
13,Gaplek
13,Tiwul
13,Cabuk
13,Besengek
13,Lentho
13,Onde-onde
13,Mi Ongklok
13,Sego Megono
13,Dendeng Gepuk
13,Purwaceng
13,Teh Tambi
13,Tempe Kemul
13,Opak Singkong
13,Dipuk
13,Wolak
13,Carica
13,Keripik Jamur
13,Emping Mlinjo
13,Kacang Dieng
13,Tauto
13,Gule kambing kacang hijau
13,Nasi uwet
13,Mokko Donuts
13,KFC
13,California Fried Chicken
13,Warung Orange
13,Teras Bali
13,John Fresh
13,Coffee and Beyond
13,Garuda Madoong Kencana
13,Warung Oemang
13,ACP Fruit and Coffee
13,The Habit Cafe
13,Taiwan Tea House
13,The Oasis Cafe
13,Bakso Babat
13,Bolen Pisang
13,Mie Salatiga
13,Sayur Tumpang Koyor
13,Sate Sapi Suruh
13,Gecok Kikil
13,Pecel Keong
13,Sup Buah
13,Wedang Ronde
13,Klepon
13,Grontol
13,Kapur
13,Lupis
13,Puli Gendar
13,Jadah Jenang
13,Gendar Pecel
13,Singkong Keju
13,Bolen Pisang Squad Jr
13,Getuk Kethek
13,Kripik Tempe
13,Bakpia Monginsidi
13,Kripik Susu
13,Kripik Paru
13,Enting-enting Gepuk
13,Karak
13,krupuk Gunung Payung
13,Karak dan krupuk Gunung Payung
13,Duku Candran
13,Salak Kecandran
13,Batik Selotigo
13,Batik Plumpungan
13,Bandeng presto
13,Soto Bangkong Soto Semarang
13,Mie Kopyok
13,Sega Becak
13,Sega Lunyu
13,Sega Ayam
13,Tahu Pong
13,Pecel Koyor
13,Petis Kangkung
13,Tahu Gimbal
13,Lunpia Semarang
13,Spekoek
13,Jongkong Singkong
13,Gandos
13,Kue Moci
13,Blanggem
13,Timus
13,Gilo-gilo
13,Kolak Setup
13,Es Cao
13,Es Marem
13,Es Congklik
13,Wedang Durian
13,Wedang Jahe Rempah
13,Wedang Lengkeng
13,Wedang tahu
13,Wedang Jalang
13,Wedang Kacang Tanah
13,Lumpia
13,Roti Gandjel Rel
13,Jambu Semarang
13,Wingko Babat
13,Taman Rekreasi Kota Bangkalan
13,Taman Paseban Bangkalan
13,Bebek Sinjay
13,Cetar Membahana
13,Ole-Olang Resto
13,Sego tempong
13,Sego cawuk
13,Pindang Srani
13,Sego Gecok
13,Sego Golong
13,Sate Kalak
13,Pecel Pitik
13,Sambel Lucu
13,Jangan Kelor
13,Jangan Kesrut
13,Jangan Pakis
13,Jangan Lobok
13,Jangan Lompong
13,Jangan Bobohan
13,Jangan Jawar
13,Jangan Leroban
13,Jangan Pol
13,Jangan Klenthang
13,Jangan Bung
13,Pelasan Oling
13,Pelasan Uceng
13,Peceg Lele
13,Uyah Asem Pitik
13,Kupat Lodoh
13,Pindang koyong
13,Bothok Simbukan
13,Bothok Tawon
13,Ayam Pedas Genteng
13,Rujak Letog
13,Sambel Pedho
13,Sambel Pindang
13,Sambel Pete
13,Oseng-oseng Pare
13,Bindol Pakem
13,Wiyongkong
13,Rujak soto
13,Pecel Thotol
13,Lak-lak
13,Bagiak
13,Sale Pisang Barlin
13,Kelemben
13,Satuh
13,Manisan Cerme
13,Manisan Pala Kering
13,Manisan Tomat
13,Manisan Kolang-kaling
13,Ladrang
13,Kacang Tanah Open Asin
13,Dodol Salak
13,Sale Pisang Anggur
13,Loro Kencono
13,Karang Emas
13,Kolak Gepuk
13,Widaran
13,Wiroko
13,Petulo
13,Ketan Kirip
13,Onde  Onde
13,Tahu Walek
13,Secang
13,Selasih
13,Ronde
13,Angsle
13,Caok
13,Setup Semarang
13,Kolak Duren
13,Kopi Luwak
13,Kopi Lanang
13,Kopi Kemiren
13,Es Gedang Ijo
13,Es Temu lawak
13,Awug
13,Lanun
13,Serabi Solo
13,Jenang Bedil
13,Jenang Mutioro
13,Jenang Selo
13,Ketot
13,Apem Takir
13,Precet
13,Sumping
13,Bikang
13,Setupan Polo
13,Pecel Karangsari
13,Bakso Gangsar
13,Lalapan uceng
13,wader Wlingi Gandusari
13,Lalapan uceng dan wader Wlingi Gandusari
13,Nasi sayur ikan kutuk Srengat
13,Rica-rica
13,mentog pedas Talun Wlingi
13,Rica-rica dan mentog pedas Talun Wlingi
13,Krengsengan  Selorejo
13,Bumbu Pecel Karangsari
13,Geti
13,Rambutan Binjai
13,Nanas Gandusari
13,Nasi krawu
13,Pudak
13,Sego rumo
13,Otak-otak bandeng
13,Bandeng sapit
13,Bonggolan
13,Jubung
13,Ayas
13,Ubus
13,Martabak Usus
13,Arang-arang Kambang
13,Bali Welot
13,Kotokan Bandeng
13,Ndog Bader
13,Gajih pinggir
13,Bontosan Giri
13,Sego menir
13,Lontong manggul
13,Sego karak
13,Kella Celok
13,Es Siwalan
13,Legen panceng
13,Temu lawak
13,Wedang pokak
13,Ayam Pedas
13,Bakso Kabut
13,Bakso Sukir
13,Pecel Gudeg
13,Pecel Pincuk Garahan
13,Iga Bakar Kamoelyan
13,Bebek Galak
13,Wedang Cor
13,Kopi Kelapa
13,Kopi Nongko
13,Suwar-suwir
13,Prol Tape
13,Pia Tape
13,Brownies Tape
13,Dodol Tape
13,Kedelai Edamame
13,Soto Kediri
13,Stik Tahu
13,Tahu Takwa
13,Sate Bekicot
13,Krengsengan Bekicot
13,Nasi Goreng Arang
13,Nasi Pecel Tumpang
13,Ayam Bakar Doho
13,Sate Kambing Sayi
13,Carang Mas Mawar
13,Gudangnya Tahu Takwa
13,Teh Rosela
13,Es Buto Ijo
13,Es Mbok Boo
13,Es Krisna
13,Es Campur Mega Mendung
13,Soto Lamongan
13,Nasi Lalapan Bebek
13,Nasi Boranan
13,Rujak Cingur
13,Tahu lontong
13,Tahu campur lamongan
13,Es Dawet Ental
13,ES Batil
13,Kopi Djawa
13,Ental
13,Jumbreg
13,Tas Enceng Gondok
13,Empeng
13,Batik Sendang Dhuwur
13,Pecel Madiun
13,Brem
13,Bluder
13,Madumongso
13,Lempeng
13,Emping Garut
13,Sego Jotos
13,Bakso Duro Kepanjen
13,Soto Daging Pak Amir Tunjungtirto
13,Bakso Malang
13,Bakso Bakar
13,Cwie mie
13,Rawon
13,Kaldu Kambing Kacang Hijau
13,Soto kambing Tunggulwulung
13,Nasi pecel
13,Sop dengkul
13,Sayur asem Buah Apel
13,Kare kikil
13,Tahu campur
13,Tahu Lontong Telor
13,Bakpau Telo
13,Arbanat
13,Mendol
13,Tahu sukun
13,Orem-orem
13,Es Gandul
13,Kripik buah
13,Kripik Tempe Sanan
13,Kerupuk Rambak Bangsal
13,Sate Keong
13,Sambel Wader
13,Pentol Bakar
13,Nasi becek
13,Dumbleg
13,Onde-onde Njeblos
13,Nasi Tumpang
13,Kerupuk Upil
13,Tepo Mbah Umbruk
13,Kerupuk pecel
13,Nasi Tiwul
13,Kupat Tahu
13,Putri Gunung
13,Sayur Kalakan
13,Punten
13,Tahu Tuna
13,Sate Kambing Pamekasan
13,Sate Lalat
13,Soto Pamekasan
13,minuman Taal
13,Krepek Tangguk
13,Krepek Tette
13,Kaldu Kokot
13,Kupang Lontong
13,Nasi Punel Bangil
13,Rawon Saminah
13,Rawon Nguling
13,Sate kerang Bangil
13,Sate Kelinci Tretes
13,Bipang beras
13,Lupis Gempol
13,Klepon Gempol
13,Durian Supeno
13,Ting Ting Jahe
13,Warung Kopi
13,Sate kerang
13,Otak otak bandeng
13,Ote-Ote Khas Porong
13,Lontong Balap
13,Bandeng asap
13,Karapan Sapi
13,Sate Madura
13,Soto Madura
13,Batik Madura
13,Batik Tulis Sumenep
13,Keris
13,Sentra Ukiran Sumenep Madura terdapat
13,Sentra pembuatan Perahu Madura terdapat
13,Sentra Pembuatan Topeng Madura
13,Mamaca
13,Mamapar gigi
13,Kalenengan Karaton
13,Tan-pangantanan
13,Ojhung
13,Topeng dhalang
13,Lodrok
13,Rujak Cingur Sumenep
13,Kalsot
13,Lontong Campor
13,Man reman
13,Macho
13,Pattola
13,Mento
13,Nasi Jagung Kuah Maronggi
13,Jubada
13,Rengginang Lorjuk
13,Pokak Saripah
13,Semalam
13,Prosesi Pelantikan Arya Wiraraja
13,Tellasan Topak
13,Alen-Alen
13,Kue Mancho
13,Sale Pisang
13,Lontong Sompil
13,Rujak Uyup
13,Lodho Ayam Kampung
13,Soto Ayam
13,Sego Gegog
13,Pindang Sapi
13,Kare Rajungan
13,Becek Menthok
13,Belut Pedas
13,Sate Bebek
13,Asem-asem Ndas Manyung
13,Mangut Pee
13,Jangan Kelor  Nasi Jagung  Petis  Ikan Pindang
13,Tuak
13,Es Dawet Siwalan
13,Ampo
13,Keripik Gayam
13,Kecap Laron
13,Keripik Ikan
13,Miniatur Ongkek
13,Batik Gedog
13,Sate
13,Gule Kambing
13,Sate dan Gule Kambing
13,Nasi Lodho Tulungagung
13,Sredek
13,Kemplang
13,Emping Melinjo
13,Kerupuk Gadung
13,Soto Ayam Kampung Tulungagung warung soto
13,Nasi pecel Tulungagung
13,Sompil
13,Lopis
13,Cenil Yang dibuat
13,Kerupuk Rambak Tulungagung
13,Gethuk
13,Srondeng
13,Jenang Syabun
13,Jenang Grendol
13,Kopi Cethe
13,Punten Pecel
13,Brondong Ketan
13,Capar Tape
13,Glondhong Juruh
13,Sego Bantingan
13,Gembrot
13,Gathot
13,Klethek
13,Wahono
13,Brigjen Pol
13,Sri Bintang Pamungkas
13,Alfa Isnaeni
13,Ali Masykur Musa
13,Sri Somantri
13,Yogi Sugito
13,Inten Suweno
13,Triyogi Yuwono
13,Pangeran Adipati Soejono
13,KI Dalang Moerdi Kondo Moerdiyat
13,Yongki Ariwibowo
13,Ardian Syaf
13,Pelita Indah
13,Harapan Jaya AC Tarif Biasa
13,Harapan Jaya PATAS Biasa
13,Harapan Jaya PATAS via TOL
13,Harapan Jaya Bus Malam
13,Damri Perintis
13,Gunung Harta
13,Restu Mulya
13,Antar Lintas Sumatera
13,Bagong
13,Setiawan
13,MTrans
13,Harapan Baru
13,Gajayana
13,Malabar
13,Malioboro
13,Singasari
13,Majapahit
13,Matarmaja
13,Brantas
13,Kahuripan
13,Rapih Dhoho
13,Dhoho Penataran
13,KOMPAS
13,Pendaki Gunung Tulungagung
13,Tulungagung Graffiti Crew
13,Vanshead Tulungagung
13,Tulungagung Skate Population
13,BMX tulungagung
13,Tulungagung Anime Community
13,Tulungagung Daisuki
13,Love Live Tulungagung
13,Tulungagung Muda
13,Svkatani Crew
13,Peon Community
13,Pos Ketan Legenda
13,Sate Kelinci
13,Bakso Batu
13,Sego Bancakan
13,Lalap Ikan Wader
13,Ketan Manis
13,Tape Ketan Hitam
13,Tahu Kentaki Dhigadho
13,Es Krim Milco
13,Susu KUD Kota Batu
13,Berbagai produk apel
13,Berbagai keripik
13,Berbagai sari buah
13,Wisata Kuliner Soto Kediri Bok Ijo
13,Gethuk Gedang
13,Kuliner Pecel
13,Kuliner Jagung Bakar
13,Soto Tamanan
13,Sate Emprit
13,Gethuk Pisang
13,Emping Tahu
13,Tahu Kuning
13,Kripik Bekicot
13,Nasi jotos
13,Pentol corah
13,Sempolan
13,Cemoe
13,Brem cair
13,Lempeng puli
13,Sambel pecel
13,Soto Krasakan
13,Nasi Glepungan
13,Tahu Tek
13,Krengsengan
13,Tempe Penyet
13,Lontong Mie
13,Sop Kikil
13,Sup buntut
13,Kari Kambing
13,Bakwan Surabaya
13,Nasi Sayur
13,Nasi Goreng Jawa
13,Pecel Semanggi
13,Urap
13,Roti Perut Ayam
13,Kue Leker
13,Kue Lapis Surabaya
13,Jongkong
13,Onde-onde Surabaya
13,Almond Crispy Cheese
13,Cakue
13,Roti Goreng
13,Tahwa
13,STMJ
13,Air Tahu
13,Kembang Tahu
13,Air Tahu dan Kembang Tahu
13,Bakcang
13,Bakpao
13,Bubur Pedas
13,Chai Kwe
13,Hekeng
13,Hu Ju
13,Ie
13,Ikan asam pedas
13,Kaloci
13,Keladi
13,Kengci Kwetiau
13,Ki Cang
13,Kuan Chiang
13,Kue Bulan
13,Kwe Cap
13,Kwe Kia Theng
13,Kwetiau
13,Lempok Durian
13,Minuman Lidah Buaya
13,Nasi Kari
13,Nasi Capcai
13,Pacri Nanas
13,Pekasam
13,Peng Kang
13,Pwe Ki Mue
13,Sambal Goreng Tempoyak
13,Tau Swan
13,Sio Bi
13,Sotong Pangkong
13,Tun Koi
13,Yam Mi
13,Seruit
13,Seruit dan pindang
13,Bakso babi
13,Wares
13,Warung Anggrek dikenal murah
13,Warung Bandung
13,My Bread
13,Amazi
13,Pasar senja
13,Pujasera Samador
13,Warung Ta Lepo
13,Abon Gulung
13,Ikan Bakar Manokwari
13,Ikan Kuah Kuning
13,Mujair Lalapan
13,Ikan Asap Borobudur
13,Buah Durian
13,Buah Rambutan
13,Buah Langsat
13,Mie Sagu
13,Mie Sultan
13,Rama Rama Lada Hitam
13,Miso
13,Coto Makassar
13,Konro
13,Pallubasa
13,Pallumara
13,Pallubutung
13,Pallu Kacci
13,Pisang epe
13,Barongko
13,Sop Saudara
13,Sop Ubi
13,Kapurung
13,Pisang Peppe
13,Songkolo Bagadang
13,Roko-Roko Unti
13,Putu Cangkiri
13,Roko-Roko Nagasari
13,Roko-Roko Cangkuning
13,Teng Teng
13,Tosu-TosuKatue
13,Wayawo Masapi
13,Ituwu Manu
13,Winagoe
13,Inau Tarente Sulewana
13,Kukisi Jongi
13,Pempek
13,Tekwan
13,Model
13,Laksan
13,Celimpungan
13,Mie Celor
13,Burgo
13,Lakso
13,Martabak HAR
13,Pindang Patin
13,Pindang Tulang
13,Malbi
13,Tempoyak
13,Otak-otak
13,Kerupuk
13,Kue Maksubah
13,Kue Delapan Jam
13,Kue Srikayo
13,Ramadhan Fair
13,Kuliner Pagaruyung
13,Imlek Fair
13,Geplak
13,Sate Klathak
13,Tolpit
13,Oseng Emprit
13,Oseng Codot
13,Sup Tupai
13,Peyek Undur-Undur
13,Tempe Benguk
13,es
13,Kue Jipang
13,Kue Ketan Bintul
13,tangerang
13,Sayur
13,Gula Merah
13,Dodol nanas
13,Salak
13,Nasi Tutug Oncom
13,Kue Bugis
13,Kue Pisang
13,Kue Cincin
13,Kue Wajik
13,Minggu
13,Poci Wasgitel
13,legi
13,kentel
13,Pangsit Jepara
13,Horok
13,Adon
13,coro
13,Ikat Trosonya
13,Sultan Agung
13,Ki Suwarno
13,Warung Tegal
13,Warteg
13,Kacang Mede
13,Mie
13,Sego
13,Borobudur Golf
13,diresmikannya
13,Suramadu
13,Pulau Madura
13,Ledre
13,Rengginang singkong
13,Alun
13,Suwar suwir
13,Nasi
13,Alun Sumenep
13,Dikarenakanan
13,Jangkar
13,Nasi Rawon
13,Komo
13,Ale
13,Industri
13,Kehutanan
13,IHPK
13,Lontong
13,Cap Go Meh
13,Serumpun bulir
13,Citra Niaga
13,Penghargaan Aga Khan Award
13,Dodol
13,siam
13,Tart
13,Kue Tart
13,lampung
13,pisang
13,Fufu
13,Ikan garu rica
13,Pelecing Kangkung
13,Betutu
13,Sate be
13,Lawar Bali
13,Jukut urap
13,Tum Bali
13,Taman Nasional Wasur
13,ubi
13,Imlek
13,Khusus
13,golla
13,Kue Tori
13,Tosu
13,Inau Terante
13,Sulewana
13,Duo
13,Ikan Kering
13,Komoditi
13,lalampa
13,pilinan
13,apang
13,klapertaart manado
13,kolombeng
13,dodol manado
13,kueku
13,biapong
13,pia
13,Alam
13,Datar
13,Gulai
13,Rendang
13,Pop
13,Terung Balado
13,Gulai Itik Cabe Hijau
13,Nasi Kapau
13,Sate Padang
13,boreh
13,kipang
13,rondang
13,kue suba
13,Padi
13,Ruko
13,Kue Kacang
13,kue kacang bermerek Rajawali
13,Growol
14,Masjid Agung Keraton
14,Masjid Raya Baiturrahman
14,Masjid Dian Al-Mahri
14,Masjid Raya Sabilal Muhtadin
14,Masjid Jami Banjarmasin
14,Masjid Jami Tuhfaturroghibin
14,Masjid Muhammadiyah Kelayan
14,Masjid Agung Al-Karomah
14,Masjid Jami Sungai Banar
14,Masjid Keramat Banua Halat
14,Masjid Pusaka Tabalong
14,Masjid sebanyak hampir  ribu buah
14,Masjid Agung Keraton Buton
14,Masjid Raya Manado
14,Masjid Agung Banten Lama
14,Masjid Jamik
14,Masjid
14,Masjid Istiqlal
14,Masjid Agung Al
14,Masjid At Tin
14,Masjid Sunda Kelapa
14,Masjid Mantingan
14,Masjid Agung Demak
14,Masjid Sunan Bonang
14,Masjid Cheng Ho
14,Masjid Agung Pasir Pengaraian
14,Masjid Raya Rengat
14,Masjid Raya Sumatera Barat
14,Masjid Raya Ganting
14,Masjid Tuo Kayu Jao
14,dapat ditempuh
14,Masjid Agung At-Taqwa
14,Masjid Po Teumeureuhom
14,Masjid Raya Darul Falah Kota Langsa
14,Masjid tertua
14,Masjid Agung Banten
14,Masjid Raya Al-Azhom
14,Masjid berjumlah  buah
14,Masjid Agung Curup
14,Masjid Jami Baiturrahim
14,Masjid Keramat desa Pulau Tengah
14,Masjid Agung Al-Falah
14,Masjid Asyuro Cipari Pangatikan Garut
14,Masjid Agung
14,Masjid Agung Al-Musabaqoh Subang
14,Masjid Raya Kota Bogor
14,Masjid Jami Al-Juman Bogor
14,Masjid Agung Bogor
14,Masjid Istiqom Budi Agung
14,Masjid Almuhajirin
14,Masjid Nahwa Nur Pura
14,Masjid As-sholihin
14,Masjid Al-hidayah
14,Masjid Al-Munawwar
14,Masjid Saka Tunggal
14,Masjid Agung Brebes
14,Masjid Al Kurdi didesa Karangmalang
14,Masjid Astana Mantingan
14,Masjid Agung Baitul Makmur Jepara
14,Masjid Menara Kudus
14,Masjid Bubrah
14,Masjid Agung Pati
14,Masjid Agung Rembang
14,Masjid Wali Limbung
14,Masjid Damarjati
14,Masjid Agung Jawa Tengah
14,Masjid Baiturrahman Semarang
14,Masjid Kauman Semarang
14,Masjid Al Birru Pertiwi
14,Masjid Agung Bojonegoro
14,Masjid An-Nur Pare
14,Masjid Kuno Sewulan
14,Masjid Ajaib
14,Masjid Yoni Al-Mubarok
14,Masjid Agung Sidoarjo
14,Masjid Jamik Sumenep
14,Masjid Agung Tuban
14,Masjid Banjar Mlati
14,Masjid Auliyya Setono Gedong
14,Masjid Agung Kota Kediri
14,Masjid Cheng Ho Surabaya
14,Masjid Nasional Al Akbar
14,Masjid Sultan Suriansyah terletak
14,Masjid Kyai Gede
14,Masjid Agung Baitul Hikmah
14,Masjid Al-Aman
14,Masjid Al Amin
14,Masjid Al Falah
14,Masjid At Taqwa
14,Masjid Baiturrahman
14,Masjid Dwima As Salam
14,Masjid Istiqomah
14,Masjid Nurul Iman
14,Masjid Al Munawwar
14,Masjid Al Hidayah
14,Masjid Jabalussalam
14,Masjid Sultan Lingga
14,Masjid Agung Al-Furqon Bandar Lampung
14,Masjid Al-Anwar
14,Masjid Taqwa
14,Masjid Al-Abror
14,Masjid Nurul Ulum
14,Masjid Al-Muhajirin
14,Masjid Babusalam
14,Masjid Taqwa Kota Metro
14,Masjid Agung Nurul Huda
14,Masjid Agung Taqwa
14,Masjid dan Keraton Sultan Bacan Labuha
14,Masjid Al Munawwaroh Ternate
14,Masjid Tua Patimburak  masjid tertua
14,Masjid Jami Merdeka
14,Masjid Al Ishlah
14,Masjid Al Ikhlas Korem
14,Masjid Ridwanul Bahri
14,Masjid Darul Ulum
14,Masjid Al
14,Masjid Madinah
14,Masid Istiqlal
14,Masjid As Sakinah
14,Masjid Darussalam
14,Masjid Nurul Fatah
14,Masjid Al Mutaqin
14,Masjid Nurul Qolbi
14,Masjid Al Hijrah
14,Masjid Agung Nasional Madani Islamic Centre
14,Masjid Tua Lalabata
14,Masjid Katangka
14,Masjid Al-Markaz Al-Islami
14,Masjid Raya Makassar
14,Masjid Kuba
14,Tiang Bendera
14,Masjid Kuba dan Tiang Bendera
14,Masjid Tuo Koto Nan Ompek
14,Masjid Gadang Balai Nan Duo Koto Nan Ompek
14,Masjid Agung Sultan Mahmud Badaruddin I Palembang
14,Masjid Cheng Ho Palembang
14,Masjid Azizi
14,Masjid Al Osmani
14,Masjid Al Osmani Medan Labuhan
14,Masjid Agung Medan
14,Masjid Amaliyah Panglima Denai Amplas
14,Masjid Al-Musabbihin TASBI Blok C
14,Masjid Al-Huda
14,Masjid Nurul Hidayah
14,Masjid Nurul Iman Komplek MTsN  Medan Perumnas Helvetia
14,Masjid Al Abrar TitiPapan
14,Masjid Baitul Amal Martubung
14,Masjid Al Iman Marelan Pasar II
14,Islam
14,Masjid Istiqamah
14,Masjid Sumpah
14,Masjid Asy
14,Masjid Dog Jumeneng
14,Masjid Sang Saka Ratu
14,Sawah
14,Situ
14,Masjid Nurul Islam  Islamic Center
14,Masjid Al Azhar Jakapermai
14,Masjid Al Azhar Summarecon Bekasi
14,Masjid Jami Al
14,Masjid Ki Ageng Pantaran
14,Masjid Peninggalan Sunan Pakubuwono X
14,Masjid Jami
14,Masjid Agung Surakarta
14,Masjid Al Wustho Mangkunegaran
14,Masjid Laweyan
14,Arosbaya
14,Masjid Agung Darusalam
14,Masjid Jami  At Taqwa
14,Masjid Jamik Pamekasan
14,Masjid Tegalsari
14,Masjid Ampel
14,Masjid Nur Hidayatullah
14,Masjid Agung Jami
14,Masjid Sultan Suriansyah
14,Masjid Shiratal Mustaqiem
14,Masjid Islamic Center Samarinda
14,Masjid Raya Batam
14,Masjid Raya Al
14,Masjid Jami Ambon
14,Masjid Tua Patimburak
14,Masjid Jami Air Tiris
14,Senapelan
14,Masjid Raya Pekanbaru
14,Masjid Nurul Hilal Dato Tiro
14,Masjid Agung Luwu
14,masjid apung
14,Masjid Keraton Liya
14,Masjid Muhammadan
14,Masjid Agung Sawahlunto
14,Masjid Pasar Nagari Solok
14,Masjid Agung As Salam
14,Masjid Al Munawar
14,Masjid Agung Binjai
14,Masjid Raya Medan
14,Masjid Raya Al Osmani
14,Masjid Taqwa Muhammadiyah Jl
14,Masjid Raya Tebing Tinggi
15,Tenun Ikat Troso
15,Tenun Ikat Desa Parengan
15,Kain kampuh
15,Kain wastra
15,Kain tapih
15,Tenun Daerah Songket Sambas
15,Tenun Belitang daerah Kumpang Ilong Kabupaten Sekadau
15,Tenun Ensaid Panjang Kabupaten Sintang
15,Tenun Kapuas Hulu
15,Sulam Kalengkang
15,Kain Cual
15,Tenun Ikat
15,Kain Tapis saat
15,kain Samarinda
15,kain Lampung
15,kain Timor
15,Ulos
15,kain adat Batak
15,Kain Putungan untuk pasangan kebaya pendek maupun kurung maupun kebaya biasa
15,Rumoh Teunun Nyak Mu
15,kain Tenun Ikat Trosonya
15,Batik
15,Tenun Mualang
15,Kain Tapis Krui
15,Kain tenun
15,Pembuatan
15,Ikat
15,Desa Kaliuda
15,Rindiumalulu
15,Pandawai
15,Mempelai Perempuan
15,Pesakin
15,Penganten Laki
15,kain Calon Penganten Perempuannya
16,Musik Saronen
16,Musik Tong-tong
16,Musik gambus
16,Geritan
16,Serambeak
16,Andei-andei
16,Sambei
16,Sensapi
16,Musik Panting
16,Musik Kangkurung
16,Musik Bumbung
16,Musik Kintung
16,Musik Kangkanong
16,Musik Salung
16,Musik Suling
16,Musik Bamban
16,Musik Masukkiri
16,Kacapi
16,Rebab
16,Sampe
16,Berbagai jenis Gong
16,Kangkanung
16,Berbagai jenis Kendang
16,Katambung
16,Musik Sempek
16,musik Angklung
16,musik Bali
16,Musik Melayu Kepulauan Riau
16,Musik Melayu
16,Musik Joget
16,Musik Zapin
16,Musik Silat
16,Musik Inang
16,Musik Ghazal
16,Musik Mak Yong
16,Musik Lang
16,Musik Bangsawan
16,Musik Barongsai
16,Musik Gamelan
16,Musik Randai
16,Musik Dul Muluk
16,Musik Tari Inai
16,Musik Rebana
16,Musik Kuno kepang
16,Musik Wayang cecak
16,Musik Keroncong
16,Musik Gondang
16,musik Sumatera Barat
16,musik Minang
16,Musik Minangkabau
16,Musik tradisional
16,Musik Bambu
16,Musik Tegalan
16,musik
16,Musik pengiringnya
17,Babad Brebes
17,Kidung Melawi
17,Babad Tanah Jawi
17,naskah Bujangga Manik
17,kitab Pustaka Sabda Badra Santi
17,Babad Lombok
17,kitab Prapanca
17,kitab Seribu
17,Kitab
17,Kalam
17,Kitab dan Kalam
17,Naskah Negarakertagama
17,Kitab Pararaton
17,Kitab Bujangga Manik
17,Serat Babad Tanah Jawi
17,Serat Kandha
17,Ario Langgar
17,Ario Pratikel dan
17,Ario Panengah
17,Sanghyang Siksakanda  Ng Karesian
17,naskah Proklamasi Kemerdekaan
17,naskah carita Parahyangan
17,Kitab Waruga Jagat
17,naskah Layang Darmaraja
17,Pustaka Kertabhumi I
17,Sanghyang Tikoro
17,naskah Belanda
17,Babad Giyanti
17,Serat Kuntharatama
17,Babad Prambanan
17,Babad Kebumen keluaran Patih Yogyakarta
17,Babad Mataram
17,Babad Bedhahipun Karaton Negari Ing Ngayogyakarta
17,Babad Sindula
17,Serat Narpawada
17,Babad Bedhaning
17,kitab Babat Pati
17,kitab Babat
17,Kitab Babad Pati
17,serat Angger
17,Kitab Negarakertagama karya Empu Prapanca
17,Kitab Negarakertagama
17,Babad Ponorogo
17,kitab Nagarakertagama Candi Jabung
17,Babad Sumenep
17,babad alas
17,XVI
17,Gamda
17,babad Pasuruan
17,Kakawin Nagarakretagama
17,Katolik
17,Kitab Negarakertagama karangan Empu Prapanca
17,kitab Nagarakretagama karya Mpu Prapanca
17,Babad Arya Tabanan
17,kitab Simbur Cahaya
18,Perahu Baganduang
19,Udeng
19,Umpal
19,Sabuk
19,Keris
19,Beragam ornamen perhiasan
19,Gelung
19,Sesenteng
19,Sabuk prada
19,Selendang songket bahu ke bawah
19,Mukuta
19,Pengantin Bagajah Gamuling Baular Lulut
19,Pengantin Baamar Galung Pancar Matahari
19,Pangantin Babaju Kubaya Panjang
19,Pakaian Nanang
19,Galuh Banjar
19,Busana Pengantin Dayak
19,Busana Pengantin Kotawaringin
19,Pakaian daerah Bali
19,Busana pengantin pria Dayak Kalimantan Tengah
19,Busana Pengantin Banjar
19,Biliu
19,Biliu dan Mukuta
19,Baju Maram
19,Baju Bok
19,Baju Tating
19,Baju Pangit
19,Angkinan
19,Kebaya Kurung Panjang
19,Kebaya Kurung Pendek
19,Kebaya Tapuk
19,Kebaya Tojang
19,Balah Buluh
19,Teluk Belango
19,Sarung Pelikat
19,Sarung bugis
19,Sarung Sungkitan
19,Kahyangan
19,Solo Batik Fashion
19,Pakaian Dayak Darat Biasa
19,Pakaian Dayak Darat
19,Abdul Rahman Syah
19,Kabasaran
19,Simpang Melati
20,arca Dwarapala
20,Patung Mini
20,patung Gajah Putih
20,Patung Dewi Kwan Im
20,Patung Dewi Kwan Im di
20,Patung Satria Gatot Kaca
20,Patung Buddha Empat Wajah
20,Patung Joko Dolog
20,Patung Bekantan
20,Arca Manusia Purba
20,Patung Giok
20,Patung Barongan
20,Patung Warak ngendok
20,Patung BARONGAN DEMAK
20,Patung Warak Ngendog
20,arca Siwa
20,arca Ganesha
20,Patung Maria
20,arca Wisnu
20,Arca Joko Budhek
20,patung setengah dada Soeprijadi
20,merasap
20,Pisak
20,Belas
20,Km
20,Patung Bunda Maria
20,patung Bung Karno
20,Patung Yesus
21,Karapan Sapi Pasangan sapi jantan
21,Kontes Sapi Sonok Pasangan sapi betina
21,Kontes Ayam Ketawa
21,Merupakan pertunjukan permainan bola raga
21,Atraksi permainan rakyat Mappadendang
21,Pencak
22,Petirtaan Sendang Pitu
23,prasasti peninggalan Kerajaan Tarumanagara
23,Prasasti Cidanghiyang
23,prasasti Lebak
23,Prasasti Perjanjian Sunda
23,Prasasti Dinoyo
23,Prasasti Pasir Panjang
23,Prasasti Karang Berahi
23,Prasasti Batutulis
23,Prasati peninggalan zaman Kerajaan Padjadjaran
23,Prasasti Wanua Tengah III
23,Prasasti Siwagrha terjemahan Casparis
23,Prasasti Nalanda tahun
23,Prasasti Gondosuli
23,Prasasti Plumpungan
23,Prasasti Mula Malurung
23,Prasasti Kinawe
23,Prasasti anjuk ladang
23,Prasasti Hering
23,Prasasti Padang Roco
23,Prasasti Pura Kehen
23,Prasasti Tugu
23,Prasasti Ciaruteun
23,Prasasti Muara Cianten
23,Prasasti Kebon Kopi
23,Prasasti Jambu
23,Prasasti Pasir Awi
23,Prasasti Cidangiang
23,Prasasti Siman
23,Prasasti Sanghyang Tapak
23,Prasasti Pasir Datar
23,Prasasti Geger Hanjuang
23,Prasasti Tugu era Kerajaan Tarumanegara
23,Prasasti Kayu Ara Hiwang
23,Prasasti Wanua Tengah
23,Prasasti Mantyasih
23,Prasasti Tlasri
23,prasasti Poh
23,Prasasti Plumpungan Srir Astu Swasti Prajabhyah
23,prasasti Trowulan I
23,Prasasti Trowulan
23,Juli
23,Prasasti Grahi
24,Pura Jagatnata Banjarmasin
24,Pura sebanyak  buah
24,Pura Tanah Lot
24,Pura Besakih
24,Pura Adhitya Jaya
24,Pura Segara
24,Pura Mangkunegaran
24,Pura Penataran Puspem Badung
24,Pura Peti Tenget
24,Pura Pucak Tedung
24,Pura Sadha
24,Pura Taman Ayun
24,Pura Uluwatu
24,Pura Dalem Jawa
24,Pura Kehen
24,Pura Rambut Siwi
24,Pura Jati
24,Pura Majapahit
24,Pura Lempuyang
24,Pura Ulun Danu Bratan
24,Pura Batukaru
24,Pura Agung Jagatnatha
24,Pura Sakenan
24,Pura dalam tahap pembangunan
24,Pura Parhyangan Agung Jagatkartta
24,Pura Giri Kusuma
24,Pura Jagad Karana
24,Pura Giri Jaya Natha
24,Pura Giri Sutra Mandala Gadingrejo
24,Pura Lugusari Pagelaran
24,Pura Kerti Bhuana
24,Pura Agung Raksa Buana
24,pura Pulaki
24,Pura Goa Lawah
24,Pura Mangkunagaran
24,Pura hindu Penataran Luhur Kamulan Menganti
24,Pura Watu Klosot
25,Upacara Adat Nyadar
25,Upacara Adat Penganten Ngekak Sangger
25,Upacara Tabut
25,Walima
25,Malam Tumbilotohe
25,Pesta Lomban
25,Pesta Baratan
25,Perang Obor
25,Chambeng Welahan
25,Dhandhangan
25,Dugderan
25,Ederan
25,Uler-Uler
25,Megengan Demak
25,Sekaten
25,Grebeg Besar Demak
25,Meron
25,Festival Memeden Gadu
25,Jembul Tulakan
25,Nyadran
25,Festival Oncor
25,Jepara Thongtek Carnival
25,Jepara Bedug Festival
25,Wadian
25,Upacara Tiwah
25,Wara
25,Balian
25,Potong Pantan
25,Mapalas
25,Ijambe
25,Beliatn Bawo
25,Beliatn Sentiyu
25,Beliatn Kenyong
25,Beliatn Luangan
25,Beliatn Bejamu
25,Ngompokng
25,Kwangkey
25,Kenyeuw
25,Parepm Api
25,Upacara Adat Mosehe Wonua Suku Tolaki
25,Upacara Adat Motasu Suku Tolaki
25,Upacara Adat Mataa
25,Upacara Adat Posuo
25,Upacara Tandaki
25,Upacara Posusu
25,Upacara Adat Kabuenga
25,Upacara Adat Karia
25,Upacara Adat Tururangiana Andala
25,Upacara Adat Religi Goraana Oputa
25,Upacara Adat Religi Qunua
25,Upacara adat Bhangka Mbule Mbule
25,Seni
25,Baduy
25,upacara adat Banjar
25,upacara adat pernikahan masyarakan Lampung
25,Upacara Bakar Tongkang
25,Perayaan Imlek
25,duhunga
25,Tambi
25,Kraton
25,Pesta Dadung
25,Upacara Nyadran
25,Megengan
25,Ancaan
25,Pesta Sedekah Laut
25,Hari Jadi Jepara
25,Jembul Bedekah
25,Tawur Bubur
25,Festival Memeden Gadu Jepara
25,Festival Jondang
25,Barikan Apem
25,Festival Barikan
25,Eder
25,Chambeng
25,Gebyar Ki Aji Tunggal
25,Bulusan
25,Ampyang Maulid
25,Maulidan Jawiyyan
25,Tebokan Jenang
25,Sintren
25,Pawai Rolasan
25,Sedekah Laut
25,Kirab gotong Toapekong
25,Haul Haddad
25,upacara petik laut
25,Pesta Gawai Dayak
25,Pesta Naik Dango
25,Adat rukun kematian Kaharingan
25,Pesta Adat Nondoi
25,Pesta Pantai Sipakario
25,Pesta Pantai Lango
25,Pesta Laut
25,Pesta adat Erau Pelas Benua
25,Pesta Rakyat Iraw Tengkayu
25,Basuh lantai
25,Ratif saman
25,Mandi safar
25,Haul Jama
25,Pesta Sakura
25,Upacara Adat Hibua Lamo
25,Upacara Keagamaan Paskah-Semana Santa
25,Upacara Potang Balimau
25,Lukisan Tradisional Wayang Kamasan Asal
25,Kamasan
25,I Made Kanta
25,Kerinci
25,Mandi Taman
25,Ngayun
25,NGAOS
25,Pesta rakyat Mapag Dewi Sri
25,pesta rakyat Mapag Dewi Sri akibatnya
25,Aef Sudrajat
25,Upacara Adat Nadran
25,pesta pernikahan putri Raja Darmawangsa Teguh
25,Ritual
25,Pesta Laut Tawang
25,Rebo Wekasan
25,Rebo Pungkasan
25,Upacara sekaten
25,Mantu Poci
25,Peteng
25,Awal
25,Gundeggan
25,Upacara sakral
25,Imlek
25,Upacara pemanggilan tatung
25,Dayak
25,upacara adat Dayak
25,Buddha
25,Singkawang
25,upacara peresmian berdirinya Daswati
25,upacara peresmian berdirinya Kabupaten Tapin
25,Pesta Perkawinan
25,upacara peresmian Kotapraja Otonom Palangka Raya tanggal
25,pesta adat suku Dayak Paser
25,Upacara Keagamaan Paskah
25,Katolik
25,Islam
25,Secondary Sub
25,district
25,Worowatu
25,upacara adat Bakar Tongkang
25,Upacara pernikahan
25,Upacara Belian
25,Ritual Bakar Tongkang
25,pesta budaya Tabuik
25,Budaya
25,tedong
25,Minanga
25,Sesenapadang
25,Wisata Alam Air Terjun Sarambu
25,Permandian Air Panas
25,Desa Rambusaratu
25,Bambang Agro Wisata Perkebunan Markisa
25,Budaya Rumah
25,Desa Ballapeu
25,Tradisi
25,Nosu
25,mandar
25,upacara Ma
25,Kariaa
25,Pesta adat Kariaa
25,silat
25,Pacu Itik
25,Pesta Kerang
26,Bentuk Atap menyerupai Pelana
26,Bentuk Rumah Panggung
26,Tiang Pelaminan
26,Gapura Gorontalo telah dibuat
26,Rumah Adat Suku Banjar disebut Rumah Bubungan Tinggi
26,Rumah Adat Suku Dayak Bukit disebut Balai
26,Rumah Panggung
26,Rumah Limas
26,Rumah Rakit
26,Rumah adat
26,pasola
26,Rumah adat dan pasola
26,Alikusu
26,Dulohupa
26,Rumah adat Dulohupa
26,Rumah Adat Gorontalo
26,Rumah adat Gobel
26,Rumah adat Sumatera Barat
26,Rumah adat etnis Batak
26,Rumah adat Karo
26,Rumah Adat Bentara Pineung
26,Rumah Adat Bentara Blang
26,Rumah Adat Rejang Lebong
26,Rumah Adat Bandayo Poboide
26,Rumah Adat Panjalin
26,Museum Keraton Sumenep
26,Rumah Adat Tradisional Madura Tanean Lanjhang
26,Rumah Adat Baluk
26,Rumah Adat Kutai Guntung
26,moko
26,Rumah adat dan moko
26,Rumah adat berwarna coklat tua
26,Moko berwarna hitam juga tidak dapat diartikan
26,Rumah Adat berwarna coklat tua dan Moko berwarna hitam juga tidak dapat diartikan
26,Ritus Pesta Kacang Jontona
26,Rumah Adat dan Ritus Pesta Kacang Jontona
26,Rumah Adat Palembang
26,Rumah Adat Pakpak
26,Rumah adat dalam perisai segi limadilatarbelakangi
26,Rumah Adat Desa Tumori
26,Tajug
26,rumah adat Kalimantan Tengah
26,rumah adat Minangkabau
26,rumah adat Nias
27,Wayang Thengul
27,Wayang Kulit
27,Wayang Golek
27,Silat Bali
27,Wayang kulit Cirebon
27,Mamanda
27,Lamut
27,Madihin
27,Wayang Kulit Banjar
27,Wayang Gung
27,Balian
27,Atraksi Perahu Naga
27,Atraksi Momani
27,Posepaa
27,Wayang Wong
27,wayang kulit purwa gaya Jawa Timuran
27,Wayang Bangsawan
27,Wayang Orang
27,Bisma wicara
27,Bambang Arasoma
27,Salya
27,Pangeran Duryodana
27,Gunungan Wayang kulit Cirebon gaya Kulonan
27,Jabang karya Arie Nugraha
27,Arjuna
27,Begawan Sekutrem
27,Betara Guru
27,Betara Narada
27,Cungkring
27,Semar
27,Bagong Sunda
27,Togog
27,Wayang kulit gagrag Banyumas
27,Wayang krucil
27,Wayang Golek Langkung
27,Wayang Golek Menak
27,Wayang Bengkong
27,Wayang Beber
27,Wayang terbesar
27,Wayang kolaborasi  warna
27,Wayang Osing
27,Wayang Timplong
27,Wayang Kulit Purwo
27,Silat Hilir
27,Silat Hulu
27,Silat Pengantin
27,wayang klasik Bali
27,Wayang Kulit Indramayu
27,kulit indramayu
27,wayang kulit bali
27,wayang kulit Cirebon gaya kulonan
27,Buncis
27,Domyak
27,DEMAK BARONG CARNIVAL
27,Wayang Golek Cepak Tegalan
27,Golek Tegal
27,Ki Enthus Susmono
27,Wayang Golek Tegal
27,wayang orang sriwedari
27,wayang orang RRI Surakarta
27,teater Puber
27,teater Wong
27,teater Hisbuma
27,Teater Q
27,Wayang YES
27,Tengger
27,Gunung Bromo
27,paralayang
27,Duri
27,Perahu Baganduang
27,Ekowisata
27,Selam
27,Pacu Itik
28,Keris
28,Tombak
28,Tiuk
28,Taji
28,Kandik
28,Caluk
28,Arit
28,Udud
28,Gelewang
28,Trisula
28,Panah
28,Penampad
28,Garot
28,Tulud
28,Kis-Kis
28,Anggapan
28,Berang
28,Blakas
28,Pengiris
28,Pengutik
28,Tah
28,Wamilo
28,Sabele
28,Travalla
28,Mandau
28,Gayang
28,Keris Buritkang
28,Sumpit
28,Perisai
28,Parang bangka
28,Kedik
28,Siwar Panjang
28,Badik
28,Papporok
28,sikin panyang
28,peurise awe
28,peurise
28,siwah
28,Sabel
28,kerambit
28,Minang
28,Senapang Lantak
28,Nyabor
28,Pedang
28,Jempol
28,Perisai untuk pertahanan diri
28,Kampilan
28,Bacemman
28,Sumpitan
29,Situs Mantup
29,Situs Payak
29,Situs Mangir
29,Situs Arca Bugisan
29,Situs Arca Gupolo
29,Situs Gua Sentono
29,Situs Sokoliman
29,Situs Gondangan
29,Situs Bleberan
29,Situs Batu Tulis huludayeuh
29,Situs Pasanggrahan Balong Biru
29,Situs Lawang Gede
29,Situs Makam Tegal Mas
29,Situs Raja Balok
29,Situs Desa Pangkalan
29,Situs Oluhuta
29,situs arkeologi Plawangan
29,Situs Trowulan
29,Situs Warisan Dunia UNESCO
29,Situs Bukit Kerang Passo
29,Situs Kerajaan Kuala Batee
29,Situs Salakanagara
29,Situs Rumah Hitam
29,Situs Bumi Alit Kabuyutan
29,Situs Makam Bosscha
29,Situs Gunung Padang
29,Situs Megalitikum Gunung Padang
29,Situs Megalitikum Gunung Kasur
29,Situs Sanghiang Sagarahiang
29,Situs Sanghyang Lingga
29,Situs Gunung Ageung
29,Situs Cungkuk
29,Situs Tulang Belulang Manusia Austronesia
29,peninggalan kebudayaannya
29,Situs Tulang Belulang Manusia Austronesia dan peninggalan kebudayaannya
29,Situs Pertapaan Pamulang
29,Situs Kota Sejarah Lasem
29,Situs Manusia Purba Semedo
29,Situs peninggalan era megalitikum
29,Indonesia Situs Media Pemerintah Kabupaten Bangkalan
29,Indonesia Situs Kabupaten Bangkalan
29,Indonesia Situs Perpustakaan Kabupaten Bangkalan
29,Situs Gosari
29,Situs Kanjeng Sepuh Sedayu
29,Situs Tondowongso
29,Situs Bung Karno
29,Situs Sendang Gede Ngimbang
29,Situs Pangeran Rangga Sukawati
29,Situs Pababaran Trunojoyo
29,Situs Ratoh Ebuh
29,Situs Makam Pangeran Santo Merto
29,Situs Makam Bangsacara
29,Ragapatmi
29,Situs Makam Bangsacara dan Ragapatmi
29,Situs Makam Sayyid Ustman Bin Ali Bin Abdillah Al-Habsyi
29,Situs Selobanteng
29,Situs Batu Lantai
29,situs prasejarah Sumbermalang
29,Situs Istana Damnah
29,Situs Fondasi Bilik
29,Situs Istana Robat
29,Situs Purbakala Kokas
29,Situs Candi Pulau Sawah
29,Kawasan megalit Belubus
29,Kawasan Megalit maek
29,Situs Cagar Budaya PDRI Kototinggi
29,Rumah Tjong A Fie
29,Majid Raya Al Mashun
29,Bank
29,Pekong Lima Medan Labuhan
29,Bank Mandiri Cabang Kesawan
29,Titi Gantung
29,Pariwisata
29,JW Marriott
29,Graha Bunda Maria Annai Velangkanni
29,Pubbrma Buddhist Centre Kota Bangun
29,Wihara Mahavira Graha
29,Cetiya Atmavichara
29,Situs Megalitik Sokoliman
29,Situs Gondangan-terletak
29,Situs Desa Bleberan-Bleberan
29,Situs sejarah Samudera Pasai
29,situs sejarah bekas Kesultanan Samudera Pasai
29,situs sejarah Batu Tulis
29,Situs Karangkamulyan
29,Situs Cibuaya
29,situs makam Syekh Quro
29,Situs Cipari
29,situs Nyai Subanglarang
29,Situs Candi
29,Situs Sumur Songo
29,Situs Petirtaan
29,Situs Musuk
29,Situs
29,situs Majapahit
29,situs Bujuk Nandi
29,situs Pangeran Bangsacara
29,situs Pangeran Santomerto
29,situs Makam Rato Ebuh
29,situs warisan kolonial belanda
29,Alam
29,Kebudayaan
29,Internasional
29,situs sejarah kebudayaan masyarakat Tomia
29,situs sejarah peninggalan masyarakat Togo Binongko
29,situs peninggalan Si Pahit Lidah
29,Situs arkeologi Padang Lawas
30,Suku Raja Asal
30,Suku Raja Rubiah
30,Suku Nek Gewang
30,Suku Raja Mafait
30,Suku Datuk Kelambai
30,Suku Datuk Miskin
30,Suku Baksa Kambang
30,Suku Radap Rahayu
30,Suku Kuda Gepang
30,Suku Ansus
30,Suku Amungme
30,Suku Asmat
30,Suku Ayamaru
30,Suku Bauzi
30,Suku Biak
30,Suku Dani
30,Suku Empur
30,Suku Enggros
30,Suku Fuyu
30,Suku Hatam
30,Suku Iha
30,Suku Kamoro
30,Suku Korowai
30,Suku Mandobo
30,Suku Mee
30,Suku Meyakh
30,Suku Moskona
30,Suku Muyu
30,Suku Nafri
30,Suku Sentani
30,Suku Souk
30,Suku Tobati
30,Suku Waropen
30,Suku Wamesa
30,Suku Bugis
30,Suku Makassar
30,Suku Mandar
30,Suku Toraja
30,Suku Duri
30,Suku Pattinjo
30,Suku Bone
30,Suku Maiwa
30,Suku Endekan
30,Suku Pattae
30,Suku Kajang
30,Suku Kaili
30,Suku Kulawi
30,Suku Lore
30,Suku Pamona
30,Suku Mori
30,Suku Bungku
30,Suku Saluan
30,Suku Balantak
30,Suku Mamasa
30,Suku Taa
30,Suku Banggai
30,Suku Buol
30,Suku Tolitoli
30,Suku Tomini
30,Suku Dampal
30,Suku Dondo
30,Suku Pendau
30,Suku Dampelas
30,Suku Melayu
30,Suku Batak Karo
30,Suku Batak Toba
30,Suku Batak Mandailing
30,Suku Batak Pesisir
30,Suku Batak Simalungun
30,Suku Batak Pakpak
30,Suku Nias
30,Suku Minangkabau
30,Suku Aceh
30,Suku Jawa
30,Suku Gayo
30,Suku Gayo Lut
30,Suku Gayo Luwes
30,Suku Gayo Serbe
30,Suku Baduy
30,suku Serawai
30,suku Lembak
30,Suku Suwawa
30,Suku Atinggola
30,suku Gorontalo
30,suku Bajo
30,Suku Betawi
30,Suku Asli Anak Dalam
30,Suku Kerinci
30,suku Minang
30,Suku Anak
30,Suku Sunda
30,Suku Madura
30,Suku Bawean
30,Suku Tengger
30,Suku Osing
30,Suku Bali
30,Suku Osing Banyuwangi
30,Suku Singkawang
30,suku Dayak
30,Suku Raya
30,Suku Dayak mayoritas penduduknya
30,Suku Banjar
30,Suku Dayak rumpun Dusmala
30,suku Dayak rumpun Biaju
30,suku Dayak Punan
30,Suku Batak
30,suku Dayak Ot Danum
30,Suku Kutai
30,Suku Buton
30,Suku Suluk
30,Suku Bulungan
30,Suku Tidung
30,Suku Buli
30,Suku Maba
30,Suku Patani
30,Suku Sawai
30,Suku Weda
30,Suku Tobelo
30,Suku Loloda
30,Suku Pagu
30,Suku Ibu
30,Suku Ternate
30,Suku Tidore
30,Suku Kadai
30,Suku Sasak
30,Suku Sigi
30,Suku Tolaki
30,Suku Minahasa
30,Suku Bolaang Mongondow
30,Suku Sangihe
30,Suku Talaud
30,Suku Siau
30,Suku Bantik
30,Suku Wawontehu
30,suku Mandailing
30,Suku Mentawai
30,Suku Siladang
30,Suku Pesisir
30,Suku Banten
30,Suku Daya
30,Suku mayoritas
30,Suku penduduk
30,Suku mayoritas dan penduduk
30,Suku terbesar kedua
30,Suku terbesar ketiga
30,Suku Flores
30,Suku Kaur
30,Suku Musi
30,Suku Palembang
30,Suku Basemah
30,Suku Ambon
30,Suku Lampung
30,Suku Dayak Senganan
30,Suku Dayak Limbai
30,Suku Dayak Barai
30,Suku Dayak Linoh
30,Suku Dayak Kebahan
30,Suku Dayak Ingar Silat
30,Suku Dayak Silath Muntok
30,Suku Dayak Sane
30,Suku Dayak Randu
30,Suku Dayak Batu Entawa
30,Suku Dayak Lamantawa
30,Suku Dayak Keluas
30,Suku Dayak Kepuas
30,Suku Dayak Keninjal
30,Suku Dayak Kubitn
30,Suku Dayak Pangin
30,Suku Dayak Nyadupm
30,Suku Dayak Ella
30,Suku Dayak Kenyilu
30,Suku Dayak Ransa
30,Suku Dayak Bidayuh
30,Suku Dayak Kerambay
30,Suku Dayak Mali
30,Suku Dayak Tobak
30,Suku Dayak Desa
30,Suku Dayak Pandu
30,Suku Dayak Ribun
30,Suku Dayak Iban
30,Suku Bima
30,Suku Bukit
30,Suku Bakumpai
30,Suku Buket
30,Suku Dayak Meratus
30,Suku Dayak Bakumpai
30,Suku Bajau
30,Suku Dayak Bukit
30,Suku Dayak Samihim
30,Suku Dayak Ngaju
30,Suku Dayak Maanyan
30,Suku Dayak Lawangan
30,Suku Dayak Dusun
30,Suku Dayak Bawo
30,Suku Hindu
30,Suku Budha  jiwa
30,Suku Dayak Benuaq
30,Suku Dayak Tunjung
30,Suku Dayak Bahau
30,Suku Dayak Modang
30,Suku Dayak Kenyah
30,Suku Dayak Kayan
30,Suku Timor
30,Suku Pasir Balik
30,Suku Dayak Tidung
30,Suku Dayak Burusu
30,Suku Dayak Tagal
30,Suku Dayak Merap
30,Suku Lun Bawang
30,Suku Dayak Abbay
30,Suku Murut
30,Suku Sirah Pulau Padang
30,Suku Sugi Waras
30,Suku Kayu Agung
30,Suku Lampung Tulang Bawang
30,Suku Togutil
30,Suku Lani
30,Suku Damal
30,Suku Dawa
30,Suku Wano
30,Suku Nduga
30,Suku Turu
30,Suku Tengah Lakitan Ulu Terawas
30,Suku Ogan
30,Suku Komering
30,Suku Marga keturunan Nai Rasaon
30,Suku Marga keturunan Sibagot Ni Pohan
30,Suku Marga keturunan Sipaet Tua
30,Suku Marga keturunan Borbor
30,Suku Aneuk Jamee
30,suku Kluet
30,suku Singkil
30,suku Alas
30,suku Jawa Banten
30,suku Rejang
30,suku Enggano
30,suku Rejang pesisir
30,Suku Minang Mukomuko
30,suku Basemah kebanyak
30,Suku Minang mayoritas berdagang
30,Suku Pohon
30,suku Annonaceae
30,Suku Alang
30,suku Sunda Buhun
30,Suku Cirebon
30,suku Nusantara
30,suku mayoritas Jawa
30,Suku Tionghua
30,Suku Dak
30,Suku LAN
30,Suku Pulau
30,suku Dayak Harakit
30,Suku Cempaka
30,Suku suku Dayak
30,Suku Suku Bali
30,Suku Lamin
30,suku Dayak Wehea
30,Suku Dayak Paser
30,Suku Paser
30,Suku Januari
30,Suku masyarakat Kalimantan Utara
30,Suku Suku Lampung
30,suku Kei
30,suku Takpala
30,suku Abui
30,Suku Melus
30,Suku Mataus
30,suku Motu Poso
30,Suku Nagekeo
30,Suku Bajawa
30,Suku Riung
30,Suku Mairasi
30,Suku Kambrau
30,Suku Koiwai
30,Suku Biak Numfor inilah
30,Suku Byak
30,Suku Gunung
30,suku Marind Anim
30,Suku Wate
30,suku Wairate
30,Suku Wonosari
30,suku Akit
30,Suku Nek
30,suku Talang Mamak
30,Suku Rumpun Batak
30,Suku etnis
30,suku Sakai
30,Suku Penduduk Makassar kebanyakan
30,suku Loinang
30,Suku Muna
30,Suku Kaidipang
30,Suku Mongondow
30,suku Sangir
30,Suku Tonsea
30,Suku tombulu
30,Suku Tamil
30,Suku Barongsai
30,Suku Lintang
30,Suku KIKIM Tebing
30,Suku Kayuagung
30,Suku Sukaraja
30,Suku Penesak
30,Suku Pegagan
30,suku Bengkulah Komering
30,Suku Boga
30,suku Karo
30,suku pendatang Suku Melayu
30,Suku Batak Angkola
30,suku Toba
30,Suku pendatang seberti Jawa
31,Tari Tanggai
31,Tari Zapin
31,Tari Campak
31,Tari Bahtera Bertiang Tujuh
31,Tari Madura
31,Tari Gambu
31,Tari Moang Sangkal
31,Tari Kantarijar
31,Tari Endel
31,Tarian Asyeik Naik Mahligai
31,Tari Lulo Tarian Suku Tolaki
31,Tari Dinggu Tarian Panen
31,Tari Mondotambe
31,Tari Balumpa
31,Tari Lulo Alu
31,Tari Galangi
31,Tari Mangaru
31,Tari Lumense
31,Tari Dudenge
31,Tari Tandik Balian
31,Tari Babangsai
31,Tari Kanjar
31,Tari Laweut
31,Tari Likok Pulo
31,Tari Pho
31,Tari Ranup lam Puan
31,Tari Rateb Meuseukat
31,Tari Ratoh Duek
31,Tari Seudati
31,Tari Tarek Pukat
31,Tari Saman
31,Tari Bines
31,Tari Didong
31,Tari Guel
31,Tari Munalu
31,Tari Turun Ku Aih Aunen
31,Tari Mesekat
31,Tari Ula-ula Lembing
31,Sang Hyang Dedari
31,Sang Hyang Jaran
31,Tari Rejang
31,Tari Baris
31,Tari Topeng
31,Gambuh
31,Tari Legong
31,Arja
31,Joged Bumbung
31,Drama Gong
31,Barong
31,Tari Pendet
31,Tari Kecak
31,Calon Arang
31,Tari Janger
31,Tari Tombak Kerbau
31,Tari Putri Gading Cempaka
31,Tari Pukek
31,Tari Andun
31,Tari Kejei
31,Tari Penyambutan
31,Tari Bidadari Menimang Anak
31,Tari Dana
31,Tari Saronde
31,Tari Langga
31,Tari Tulude
31,Tari Elengge
31,Tari Tanam Padi
31,Tari Sabe
31,Tari Mopohuloo
31,Tari Topeng Cirebon
31,Tari Ketuk Tilu
31,Gong
31,Gambus
31,Tawaq
31,Hadrah
31,Sapek
31,Balikan
31,Kangkuang
31,Keledik
31,Rebab
31,Kohotong
31,Sollokanong terbuat
31,Terah Umat maka
31,Mandau terbuat
31,Tumbak
31,Keris Melayu
31,Sumpit
31,Senapang Lantak
31,Duhung
31,Isou Bacou
31,Lunjuk
31,Mandau
31,Nyabor
31,Tari Hugo
31,Huda
31,Tari Hugo dan Huda
31,Tari Putri Malawen
31,Tari Tuntung Tulus
31,Tari Giring-giring
31,Tari Manasai
31,Tari Balian Bawo
31,Tari Balian Dadas
31,Manganjan
31,Tari Kanjan Halu
31,Tari Deder
31,Tari Mandau
31,Tari Kinyah
31,Tarian Gantar
31,Tarian Ngeleway
31,Tarian Ngerangkaw
31,Tarian Kencet
31,Tarian Datun
31,Tarian Hudoq
31,Tarian Kejien
31,Belian
31,Tarian Maropeng
31,Tari Poco-poco
31,Tari Maengket
31,Cakalele
31,tarian Bali
31,Tari Cokek
31,Tari rentak besapih
31,Tarian rentak besapih
31,Tari Remo
31,tarian Jawa gaya Osing
31,Tari Sembah
31,Tari Melinting
31,Asmat
31,Tari masyarakat
31,Tarian dero
31,in
31,Tarian in
31,Tari Lulo
31,Tarian Suku Tolaki
31,Tari Dinggu
31,Tarian Panen
31,Tari Pasambahan
31,Tari Piring
31,Tari Payung
31,Tari Indang
31,Peulebat
31,Belo Mesusun
31,Landok Alun
31,Tangis Dilo
31,Canang Situ
31,Canang Buluh
31,Genggong
31,Oloi-olio
31,Keketuk layakh
31,Tari Tor-tor
31,Tari Landok
31,Tari topeng Beber
31,Tari Kedempling
31,Tari Topeng Brebes
31,Tari Topeng Sinok
31,Tari Zippin Pesisiran
31,Tari Kridhajati
31,Tari Tenun Troso
31,Tari Tayub
31,Tari Emprak
31,Tari Kretek
31,Tari Cendono-Cendani
31,Tari Bun Ya Ho
31,Tari Orek-Orek
31,Tari Topeng Endel
31,Tari Sontoloyo
31,Tari Pencak Macan Gresik
31,Tari Bantengan
31,Tari Zavin Mandilingan
31,Tari Kencrengan
31,Tari mung dhe
31,Tari Salipuk
31,tari Pecot
31,tari samper nyecceng
31,tari dhanggak
31,tari rondhing
31,tari mekar sareh
31,tari sekar kedaton
31,tari topeng gethak
31,tari Samman
31,Tarian Adat
31,Tari Tundet
31,Tari Pinggan
31,Tari Pala
31,Tari Pedang
31,Tari Ngajat Temuai Datai
31,Tari Sampe
31,Uok Botung
31,Tari Jepen Ampiek Muslimah
31,Tari Kode Bura
31,Tari Rentak Penajam
31,Tari Lenggang Taka
31,Ronggeng Paser
31,Tari Inai
31,Tarian Cakalele
31,Tarian Asli Belu
31,Tarian magis Pepe-pepeki ri Makka
31,Tari Kabasaran
31,Tari Katrili
31,Tari Pisok
31,tarian Aceh
31,tari Saman milik suku Gayo
31,tarian etnis Aceh
31,tarian Bendrong Lesung
31,Seni
31,Tari
31,tari topeng Kelana Kencana Wungu
31,Tarian Topeng
31,Tari Rodhat
31,dolalak
31,Tari dolalak
31,tarian
31,la
31,Jawa
31,Tari Kuntul Tegalan
31,Tari Bedhaya Ketawang
31,Tari Gandrung
31,Tayub
31,tarian zavin Mandiling
31,Tarian pembukaan
31,Tari Slempang
31,Tari Pangore
31,Tari Glipang
31,tarian kenca
31,tari Grebeg Wiratama
31,tarian Pesisir
31,Gerak
31,Bumi
31,Tari Jepen
31,Tari Batin
31,tarian Lego
31,tarian Caci
31,Desember
31,Randai
31,Tari Pattuqduq
31,Lariangi
31,Tari Lariangi
31,Tari Sombo Bungkale
31,Tari Sajo Moane
31,Saride
31,Tari Saride
31,tarian adat Sangihe
31,Tari Salo
31,Tari Upase
31,Tari Ransansahabe
31,Tari Joke
31,Tari Mosau
31,Tari Ragai
31,Tari Tuitan
31,Tari Kabela
31,Tari Kalibombang
31,Tari Pomamaan
31,Tari Monugal
31,Tari Mokoyut
31,Tari Mokosambe
31,Tarian Perang Kabasaran
31,tari Balanse Madam
31,Tari Penguton
31,tari sekapur sirih Kayuagung
31,tari sekapur sirih Kabupaten OKI
31,Tari Gopung Tari Gopung Tari Gopung
32,Karungut
32,Kandan
32,Mansana
32,Kalalai Lalai
32,Ngendau
32,Natum
32,Dodoi
32,Marung
32,Bedeguuq
32,Berijooq
32,Ninga
32,Enluei
32,Perentangin
32,Ngelengot
32,Ngakey
32,Ngeloak
